alert_id,transaction_id,alert_type,alert_date,resolved,resolution_date,remarks
alert134117,txn10034117,frequent_failure,2025-08-03 13:29,FALSE,,Strategy forward the risk necessary company ready.
alert183925,txn10083925,frequent_failure,2024-10-09 09:41,TRUE,2024-10-11 02:41:15,Art do federal short.
alert163439,txn10063439,unusual_time,2025-02-23 01:23,TRUE,2025-02-24 10:23:56,Age board fine participant join.
alert164967,txn10064967,frequent_failure,2025-07-08 21:50,TRUE,2025-07-09 19:50:17,Among doctor much physical interest catch.
alert159661,txn10059661,frequent_failure,2025-08-02 22:59,TRUE,2025-08-05 07:59:36,Would catch themselves be represent why decade.
alert180006,txn10080006,unusual_amount,2025-03-05 13:01,TRUE,2025-03-06 20:01:59,Democrat class ago such story cold environmental tax.
alert130778,txn10030778,unusual_amount,2025-08-03 22:53,TRUE,2025-08-06 08:06:42,Anyone onto style science then Republican black myself.
alert122322,txn10022322,unusual_amount,2021-12-18 21:00,TRUE,2021-12-19 18:00:55,Write anyone capital national.
alert155954,txn10055954,unusual_amount,2025-06-08 02:15,FALSE,,Realize mention grow several season husband their.
alert140444,txn10040444,suspicious_login,2025-07-09 03:05,FALSE,,Everybody team effect purpose series imagine name.
alert173510,txn10073510,suspicious_login,2025-07-19 11:07,TRUE,2025-07-19 23:07:30,Price front summer score artist defense.
alert172416,txn10072416,unusual_time,2023-11-20 04:16,TRUE,2023-11-22 17:16:20,Score may reality compare almost impact college address.
alert182690,txn10082690,unusual_time,2024-05-17 21:04,TRUE,2024-05-18 03:04:18,Attention final model ability simple response stock.
alert156982,txn10056982,frequent_failure,2024-06-09 21:28,TRUE,2024-06-11 13:28:13,Break report fear for officer.
alert121922,txn10021922,unusual_time,2025-07-15 09:36,TRUE,2025-07-15 12:36:47,Century class enjoy.
alert190191,txn10090191,suspicious_login,2025-06-18 07:10,TRUE,2025-06-19 07:10:07,Represent happen child allow nice member along.
alert132693,txn10032693,suspicious_login,2025-08-05 16:21,TRUE,2025-08-05 18:21:06,Believe western head democratic mission she daughter.
alert162262,txn10062262,unusual_time,2025-07-30 05:00,TRUE,2025-08-02 04:00:02,Pay true for contain.
alert143058,txn10043058,suspicious_login,2025-08-05 05:08,FALSE,,Official billion sign prepare them while stop.
alert172962,txn10072962,frequent_failure,2024-05-23 05:49,FALSE,,I computer mention lay area under its.
alert111288,txn10011288,frequent_failure,2025-07-19 20:21,FALSE,,Including have accept until.
alert190757,txn10090757,frequent_failure,2024-05-02 06:13,TRUE,2024-05-02 11:13:55,Specific case his increase lose.
alert195992,txn10095992,suspicious_login,2025-07-29 21:44,TRUE,2025-08-01 13:44:16,Source detail never figure interesting information.
alert144016,txn10044016,unusual_time,2024-04-15 18:47,FALSE,,Benefit respond head.
alert131558,txn10031558,unusual_time,2025-03-06 16:16,TRUE,2025-03-08 23:16:56,Sometimes maybe just return.
alert118287,txn10018287,unusual_time,2025-07-13 14:10,TRUE,2025-07-16 04:10:46,Us argue left east partner money.
alert197713,txn10097713,suspicious_login,2025-05-25 00:29,TRUE,2025-05-26 04:29:57,Several ok scientist meeting.
alert117919,txn10017919,suspicious_login,2025-08-03 15:58,TRUE,2025-08-03 18:58:56,Society level house him nice money catch whose.
alert128056,txn10028056,unusual_time,2024-06-19 21:18,TRUE,2024-06-20 03:18:44,Return hundred official up education participant always speak.
alert113524,txn10013524,suspicious_login,2025-06-07 20:55,TRUE,2025-06-09 17:55:47,Type sound special.
alert198754,txn10098754,suspicious_login,2023-07-06 15:18,FALSE,,Benefit student country how feel simply lot.
alert143678,txn10043678,frequent_failure,2025-06-18 00:50,TRUE,2025-06-19 07:50:06,Pick own ten sign bag.
alert182558,txn10082558,suspicious_login,2024-09-16 22:34,TRUE,2024-09-19 13:34:42,Least parent upon fire soldier sense.
alert136474,txn10036474,unusual_amount,2024-10-17 08:52,TRUE,2024-10-20 02:52:07,Product boy hospital with.
alert128807,txn10028807,unusual_time,2025-08-06 07:18,TRUE,2025-08-06 08:06:42,Keep door set across watch.
alert136007,txn10036007,frequent_failure,2025-08-02 04:28,TRUE,2025-08-04 16:28:57,Other half place small although they.
alert129118,txn10029118,suspicious_login,2023-12-14 12:35,TRUE,2023-12-16 17:35:41,Make experience history international knowledge simply whole.
alert103019,txn10003019,suspicious_login,2025-03-16 00:37,FALSE,,Anything wide bar tonight allow operation certainly.
alert143397,txn10043397,unusual_amount,2025-05-05 12:07,FALSE,,Time open half enter and customer rule.
alert185636,txn10085636,frequent_failure,2024-01-12 09:59,TRUE,2024-01-13 19:59:34,Make well take music imagine.
alert109063,txn10009063,frequent_failure,2024-01-27 00:21,TRUE,2024-01-29 01:21:26,Morning project soon would she happen respond.
alert113940,txn10013940,suspicious_login,2024-03-25 18:05,TRUE,2024-03-28 01:05:21,Thus number state.
alert156319,txn10056319,suspicious_login,2024-11-04 20:28,TRUE,2024-11-06 04:28:10,Lead stuff understand month.
alert151548,txn10051548,unusual_amount,2024-09-17 21:38,TRUE,2024-09-19 11:38:20,Goal art kid near doctor step.
alert153063,txn10053063,unusual_amount,2025-07-09 10:12,TRUE,2025-07-09 13:12:53,Another million heart young market course.
alert179535,txn10079535,frequent_failure,2023-12-31 20:43,TRUE,2024-01-01 10:43:29,Thing think thus soldier.
alert134119,txn10034119,unusual_time,2025-03-13 08:21,TRUE,2025-03-14 21:21:20,Week bring wear difficult cut much.
alert183960,txn10083960,suspicious_login,2025-06-22 18:48,TRUE,2025-06-23 09:48:39,Theory factor local again practice focus.
alert194161,txn10094161,suspicious_login,2021-12-16 19:01,TRUE,2021-12-19 00:01:12,Spring clear common peace.
alert190981,txn10090981,unusual_time,2025-01-10 09:50,TRUE,2025-01-10 23:50:54,Simply else current hope.
alert187499,txn10087499,unusual_time,2025-08-05 02:31,TRUE,2025-08-06 08:06:42,Talk voice camera sign to action.
alert170279,txn10070279,unusual_time,2023-05-19 01:47,TRUE,2023-05-19 16:47:31,Machine various civil when so.
alert129641,txn10029641,unusual_time,2025-02-28 07:56,TRUE,2025-03-03 07:56:10,Bag at owner affect none player.
alert109279,txn10009279,suspicious_login,2025-06-03 00:26,FALSE,,Worker trip recently much age method respond.
alert134892,txn10034892,unusual_amount,2024-07-31 05:26,TRUE,2024-08-01 17:26:50,Center particular eight seek sure sea.
alert137894,txn10037894,suspicious_login,2025-07-07 22:33,FALSE,,Mention detail another movie test their yes sing.
alert134018,txn10034018,unusual_amount,2024-11-11 15:50,TRUE,2024-11-11 20:50:35,Character space treatment owner many entire under detail.
alert145043,txn10045043,unusual_amount,2025-03-12 04:57,TRUE,2025-03-14 01:57:02,Road management organization amount likely perform hard.
alert183445,txn10083445,suspicious_login,2025-04-27 00:36,TRUE,2025-04-28 12:36:11,Require career mention anyone president.
alert153214,txn10053214,unusual_amount,2025-07-30 09:12,TRUE,2025-07-31 00:12:17,Through money recent nothing save.
alert115224,txn10015224,unusual_time,2025-02-14 22:12,TRUE,2025-02-15 09:12:08,Since professional need job part your.
alert106435,txn10006435,frequent_failure,2024-03-02 04:31,TRUE,2024-03-04 15:31:24,Red matter answer be.
alert154510,txn10054510,frequent_failure,2024-08-20 22:25,TRUE,2024-08-21 07:25:41,Too involve election money smile open cause.
alert161704,txn10061704,unusual_amount,2025-05-09 05:24,FALSE,,Drive hope artist better produce page.
alert170210,txn10070210,suspicious_login,2025-06-30 19:37,TRUE,2025-07-01 23:37:46,Make side movie size make himself need either.
alert143629,txn10043629,suspicious_login,2025-06-10 18:23,TRUE,2025-06-13 13:23:33,Start human in.
alert162523,txn10062523,unusual_time,2023-09-10 12:06,TRUE,2023-09-11 23:06:24,Against bill her prove expect while conference where.
alert127065,txn10027065,unusual_amount,2025-03-19 11:29,TRUE,2025-03-21 02:29:25,Beautiful stage structure rest.
alert136445,txn10036445,unusual_time,2025-07-26 22:42,TRUE,2025-07-28 19:42:58,Claim guess because hand late.
alert169416,txn10069416,unusual_time,2025-02-09 10:38,TRUE,2025-02-12 02:38:03,Create decision whole agree bank natural.
alert190174,txn10090174,unusual_amount,2025-05-17 00:51,TRUE,2025-05-18 19:51:17,Political plan them former your.
alert179081,txn10079081,frequent_failure,2025-03-19 10:44,TRUE,2025-03-19 17:44:48,Woman front space ten almost.
alert191763,txn10091763,unusual_amount,2025-05-05 08:20,TRUE,2025-05-07 07:20:50,Remember forward main indeed talk leave.
alert195323,txn10095323,frequent_failure,2023-12-28 08:03,TRUE,2023-12-28 17:03:40,Realize great here forget doctor wind.
alert171596,txn10071596,unusual_time,2024-08-06 19:10,TRUE,2024-08-07 04:10:00,Seven hit relationship successful walk baby behavior state.
alert150888,txn10050888,frequent_failure,2025-07-26 17:37,TRUE,2025-07-26 21:37:38,Cold out person stay story.
alert167772,txn10067772,suspicious_login,2025-05-10 05:43,TRUE,2025-05-10 16:43:24,Itself concern rule.
alert156177,txn10056177,frequent_failure,2025-02-24 19:19,TRUE,2025-02-25 01:19:11,Summer read raise risk likely network late.
alert171410,txn10071410,suspicious_login,2025-05-05 20:28,FALSE,,Tough mission series animal different condition.
alert138444,txn10038444,unusual_time,2024-09-09 07:25,TRUE,2024-09-11 08:25:11,Piece consumer far find benefit measure pretty.
alert116362,txn10016362,suspicious_login,2025-05-27 23:08,TRUE,2025-05-28 05:08:09,Everyone effect return.
alert132696,txn10032696,unusual_amount,2025-06-13 20:33,TRUE,2025-06-15 11:33:36,Fact whom evening population thought.
alert105348,txn10005348,unusual_amount,2024-10-05 08:50,TRUE,2024-10-07 02:50:05,Scientist seek push speech choose market perform.
alert106672,txn10006672,unusual_amount,2025-06-11 22:30,TRUE,2025-06-13 02:30:26,Program they kitchen maybe wife activity.
alert152141,txn10052141,unusual_time,2025-07-12 05:49,TRUE,2025-07-13 21:49:44,Military on share letter three.
alert160323,txn10060323,unusual_amount,2025-08-02 23:41,TRUE,2025-08-03 05:41:14,High natural check major realize.
alert146369,txn10046369,frequent_failure,2025-02-23 00:35,FALSE,,Task glass purpose until cell those.
alert102687,txn10002687,frequent_failure,2024-12-29 07:48,TRUE,2024-12-31 02:48:05,Site third firm food.
alert106088,txn10006088,unusual_amount,2025-05-14 05:41,TRUE,2025-05-16 10:41:22,Old degree organization condition activity according see.
alert111616,txn10011616,unusual_time,2022-10-11 07:39,TRUE,2022-10-12 01:39:06,Notice anything sport.
alert118167,txn10018167,suspicious_login,2024-02-23 17:47,TRUE,2024-02-24 00:47:55,Edge agency have do.
alert149293,txn10049293,frequent_failure,2025-05-03 01:51,TRUE,2025-05-04 21:51:06,Great when want conference head military.
alert114015,txn10014015,suspicious_login,2025-08-05 00:07,TRUE,2025-08-05 13:07:21,Direction fly office character truth TV middle value.
alert198379,txn10098379,unusual_amount,2024-12-08 13:07,TRUE,2024-12-11 02:07:13,Believe visit system view even.
alert184708,txn10084708,frequent_failure,2025-08-04 17:20,TRUE,2025-08-05 18:20:51,Significant opportunity traditional those.
alert128232,txn10028232,frequent_failure,2025-08-02 12:38,TRUE,2025-08-03 12:38:40,Practice anything act building national arm.
alert164204,txn10064204,frequent_failure,2024-09-08 09:05,TRUE,2024-09-10 17:05:30,Commercial hand half success then.
alert172251,txn10072251,suspicious_login,2025-02-25 07:00,TRUE,2025-02-27 07:00:06,Response nothing body adult finally a.
alert143886,txn10043886,unusual_amount,2022-04-27 03:56,TRUE,2022-04-29 10:56:28,Between vote within individual pay.
alert104236,txn10004236,unusual_amount,2025-07-15 19:40,TRUE,2025-07-16 16:40:36,Goal again agreement recognize increase you laugh administration.
alert182816,txn10082816,suspicious_login,2025-01-21 16:50,TRUE,2025-01-22 03:50:09,Skin low girl poor figure.
alert105774,txn10005774,frequent_failure,2024-04-11 23:51,TRUE,2024-04-14 23:51:45,Series significant policy but note cut appear.
alert149142,txn10049142,unusual_time,2023-10-29 11:55,TRUE,2023-10-29 19:55:41,Mention whole indicate real truth.
alert102686,txn10002686,unusual_time,2025-07-24 12:10,TRUE,2025-07-26 14:10:27,Stay nearly draw.
alert135050,txn10035050,suspicious_login,2025-07-10 11:09,FALSE,,Recognize unit car cell fear sea once.
alert197381,txn10097381,frequent_failure,2025-06-28 04:59,TRUE,2025-06-28 17:59:06,Management blood reflect five impact.
alert189997,txn10089997,suspicious_login,2025-01-16 22:07,TRUE,2025-01-17 01:07:38,Reach even interest suffer.
alert166207,txn10066207,suspicious_login,2025-07-25 18:40,TRUE,2025-07-26 19:40:13,Son time stay put few indicate still officer.
alert135129,txn10035129,unusual_time,2025-01-05 04:16,TRUE,2025-01-05 07:16:54,Player event save term condition.
alert156663,txn10056663,unusual_time,2025-05-27 03:16,TRUE,2025-05-27 23:16:10,And they level product type.
alert127922,txn10027922,unusual_time,2024-02-26 12:08,TRUE,2024-02-27 07:08:53,News less film perhaps event attention system.
alert123462,txn10023462,suspicious_login,2025-01-05 00:12,TRUE,2025-01-05 21:12:14,Issue alone water generation eye air smile.
alert172914,txn10072914,frequent_failure,2025-08-06 04:54,TRUE,2025-08-06 08:06:42,Mind clear go support language treat look.
alert199144,txn10099144,frequent_failure,2024-09-09 14:07,TRUE,2024-09-12 06:07:12,Model able relationship note able establish.
alert123829,txn10023829,frequent_failure,2023-11-29 21:11,TRUE,2023-11-30 03:11:26,Institution test dark memory.
alert143051,txn10043051,frequent_failure,2024-10-19 07:45,TRUE,2024-10-19 21:45:40,Issue hard message situation energy lead hundred.
alert135154,txn10035154,frequent_failure,2025-04-03 14:30,TRUE,2025-04-05 00:30:13,Describe enjoy movie water agency education physical.
alert153811,txn10053811,frequent_failure,2024-08-12 15:38,TRUE,2024-08-15 07:38:11,North choice ask need space maybe media every.
alert178186,txn10078186,unusual_amount,2025-06-26 20:03,TRUE,2025-06-27 20:03:11,Network father why population hear loss.
alert153822,txn10053822,frequent_failure,2025-08-01 07:55,TRUE,2025-08-04 06:55:28,Cup cover choice and near.
alert152446,txn10052446,frequent_failure,2025-07-27 12:13,TRUE,2025-07-27 21:13:16,Language add probably first.
alert160532,txn10060532,unusual_time,2025-07-04 18:54,TRUE,2025-07-07 08:54:55,Left start base.
alert181110,txn10081110,unusual_time,2024-05-23 01:35,TRUE,2024-05-23 05:35:59,Truth financial citizen either.
alert160084,txn10060084,unusual_time,2024-04-04 20:45,TRUE,2024-04-06 03:45:44,Call space alone with enjoy might by agent.
alert141393,txn10041393,suspicious_login,2025-05-06 07:42,FALSE,,So your program probably manager citizen book process.
alert164965,txn10064965,unusual_time,2025-08-03 12:11,FALSE,,Key research audience deep pay western.
alert161001,txn10061001,suspicious_login,2025-06-04 19:11,FALSE,,Not him own night even.
alert160433,txn10060433,frequent_failure,2024-07-13 07:23,TRUE,2024-07-16 04:23:19,Difficult system them more at without trial.
alert196682,txn10096682,unusual_time,2025-05-06 01:33,TRUE,2025-05-08 22:33:20,Us year station get part.
alert147309,txn10047309,unusual_amount,2025-07-26 20:20,TRUE,2025-07-28 01:20:59,Until usually deep successful sister require agent.
alert160725,txn10060725,frequent_failure,2025-08-05 23:38,TRUE,2025-08-06 00:38:37,Way not home analysis might glass.
alert137076,txn10037076,suspicious_login,2025-06-25 13:55,TRUE,2025-06-27 10:55:50,Somebody present maybe consumer project must.
alert137821,txn10037821,suspicious_login,2025-04-05 20:22,FALSE,,Look card record.
alert120317,txn10020317,unusual_time,2024-12-26 21:00,TRUE,2024-12-28 04:00:05,Relationship across reality.
alert134797,txn10034797,suspicious_login,2025-07-10 09:47,TRUE,2025-07-11 23:47:29,Region well head number true.
alert152874,txn10052874,suspicious_login,2024-11-25 17:33,TRUE,2024-11-28 12:33:19,Report set as also up.
alert196137,txn10096137,frequent_failure,2025-03-03 15:39,TRUE,2025-03-06 09:39:21,Once practice pick.
alert117331,txn10017331,suspicious_login,2025-02-06 01:22,FALSE,,Suggest science necessary office.
alert188996,txn10088996,unusual_amount,2024-12-13 12:38,TRUE,2024-12-14 22:38:19,Her former guy.
alert108544,txn10008544,frequent_failure,2024-12-02 15:45,TRUE,2024-12-02 20:45:53,Successful plan season fine laugh store also.
alert144490,txn10044490,suspicious_login,2025-05-24 09:41,TRUE,2025-05-24 11:41:51,Turn husband space early away.
alert123609,txn10023609,suspicious_login,2021-06-23 16:52,FALSE,,Movement very production you physical.
alert178741,txn10078741,suspicious_login,2025-07-30 00:39,TRUE,2025-08-01 21:39:45,State test whole front.
alert165874,txn10065874,suspicious_login,2025-07-28 03:17,FALSE,,Discover tax another.
alert125536,txn10025536,unusual_time,2025-07-11 04:52,TRUE,2025-07-12 19:52:38,Produce market establish firm public state us.
alert170584,txn10070584,frequent_failure,2025-01-29 09:58,TRUE,2025-01-30 06:58:49,Can attorney data maybe which adult development point.
alert157768,txn10057768,suspicious_login,2024-10-15 22:19,FALSE,,Away successful one feel contain option.
alert196810,txn10096810,unusual_time,2025-02-05 13:10,TRUE,2025-02-06 09:10:28,Catch market between house white.
alert153243,txn10053243,unusual_amount,2024-07-05 13:57,TRUE,2024-07-05 23:57:16,Agent else trouble their officer.
alert183588,txn10083588,suspicious_login,2025-07-11 17:34,TRUE,2025-07-12 10:34:27,Support really education husband hope cause beat.
alert125472,txn10025472,suspicious_login,2024-10-12 06:28,FALSE,,Continue pull know son exactly protect present prove.
alert119212,txn10019212,unusual_time,2025-07-04 15:20,TRUE,2025-07-05 07:20:04,Must sister lot tree.
alert181670,txn10081670,frequent_failure,2024-10-13 20:46,TRUE,2024-10-14 19:46:42,Long operation color over.
alert150901,txn10050901,unusual_amount,2025-06-02 11:16,TRUE,2025-06-04 14:16:35,Create allow look room stand before.
alert108945,txn10008945,frequent_failure,2024-04-12 05:10,TRUE,2024-04-12 10:10:11,Turn discuss leave still return big role happy.
alert175410,txn10075410,unusual_time,2025-07-28 06:42,TRUE,2025-07-30 03:42:59,Continue great report stock foot store left.
alert160883,txn10060883,frequent_failure,2025-05-05 00:58,TRUE,2025-05-07 16:58:15,Citizen decide challenge gas style cost.
alert192960,txn10092960,frequent_failure,2025-02-28 04:14,TRUE,2025-03-01 21:14:07,Girl major radio effort consider attorney bar kind.
alert130733,txn10030733,unusual_time,2025-06-05 12:07,TRUE,2025-06-06 13:07:38,Budget machine born which cost foreign policy form.
alert170947,txn10070947,unusual_time,2025-03-13 07:30,TRUE,2025-03-14 02:30:32,Window four there bank.
alert154988,txn10054988,unusual_time,2025-07-05 01:48,TRUE,2025-07-05 16:48:20,Network prepare five.
alert175970,txn10075970,frequent_failure,2022-10-16 11:17,FALSE,,Sell behind stock chance across though run either.
alert157810,txn10057810,unusual_amount,2025-07-31 22:11,TRUE,2025-08-01 20:11:53,Black lawyer early strategy information ever.
alert131173,txn10031173,suspicious_login,2025-05-05 08:14,TRUE,2025-05-06 01:14:48,Find answer drop assume.
alert107014,txn10007014,frequent_failure,2024-04-16 19:15,TRUE,2024-04-17 21:15:39,Body maybe page onto mention.
alert176669,txn10076669,suspicious_login,2025-03-13 16:04,TRUE,2025-03-15 06:04:44,Reduce early option common guess growth national.
alert108081,txn10008081,unusual_time,2024-10-18 04:39,TRUE,2024-10-21 03:39:53,Front involve language realize clearly.
alert115445,txn10015445,frequent_failure,2024-06-14 13:02,TRUE,2024-06-16 19:02:06,Wear human structure plan policy many seem.
alert162083,txn10062083,suspicious_login,2024-04-11 04:15,TRUE,2024-04-12 08:15:43,Total partner space sea someone.
alert137222,txn10037222,frequent_failure,2025-08-05 20:50,TRUE,2025-08-06 08:06:42,Inside suffer thus design give.
alert134932,txn10034932,suspicious_login,2024-03-10 12:20,TRUE,2024-03-10 14:20:19,Want her customer successful type anything.
alert171625,txn10071625,unusual_time,2024-07-11 16:24,TRUE,2024-07-11 22:24:05,Knowledge seat job even run maintain system.
alert108769,txn10008769,unusual_time,2025-07-04 22:01,FALSE,,Yet bank magazine.
alert176438,txn10076438,frequent_failure,2024-10-23 07:38,TRUE,2024-10-24 22:38:28,Ability media treatment firm.
alert113367,txn10013367,suspicious_login,2024-04-10 05:53,TRUE,2024-04-11 01:53:25,Born movie quality whole than.
alert126225,txn10026225,frequent_failure,2025-04-30 13:42,TRUE,2025-05-02 20:42:25,Hair only avoid audience civil chance choose.
alert149193,txn10049193,suspicious_login,2024-02-19 18:43,TRUE,2024-02-22 02:43:22,While address option future.
alert142317,txn10042317,suspicious_login,2025-01-05 01:20,TRUE,2025-01-05 16:20:30,Herself though notice several miss manager.
alert128368,txn10028368,unusual_amount,2024-07-20 01:40,TRUE,2024-07-20 08:40:07,Fact population claim real fund eight field role.
alert162375,txn10062375,unusual_amount,2024-05-13 10:43,TRUE,2024-05-14 13:43:37,Many money wear.
alert149285,txn10049285,unusual_amount,2025-07-27 23:58,TRUE,2025-07-28 03:58:42,Central yet town it door be.
alert178432,txn10078432,suspicious_login,2025-06-28 18:46,TRUE,2025-06-30 06:46:53,Natural out start inside goal student hair.
alert133224,txn10033224,frequent_failure,2025-07-13 01:48,TRUE,2025-07-13 17:48:19,Certain decide individual prevent guess.
alert199274,txn10099274,unusual_amount,2025-07-22 06:46,TRUE,2025-07-24 08:46:40,Reduce shoulder should how few little part.
alert150111,txn10050111,suspicious_login,2025-07-06 23:11,TRUE,2025-07-09 20:11:20,Then side herself everyone.
alert179792,txn10079792,frequent_failure,2024-12-27 01:55,FALSE,,Reveal involve eat necessary research turn address.
alert163679,txn10063679,unusual_amount,2022-12-28 19:03,TRUE,2022-12-29 01:03:59,Possible skill side computer face.
alert169635,txn10069635,suspicious_login,2023-07-23 19:51,TRUE,2023-07-24 05:51:15,Even behind pretty group TV soldier.
alert109438,txn10009438,frequent_failure,2024-11-26 19:32,TRUE,2024-11-28 02:32:40,Hear cut east that teach yeah.
alert131259,txn10031259,frequent_failure,2025-06-30 21:28,TRUE,2025-07-01 01:28:39,Company reason new staff.
alert118610,txn10018610,suspicious_login,2024-05-24 15:40,TRUE,2024-05-25 09:40:25,Television nor thus thing.
alert174508,txn10074508,unusual_time,2025-08-05 06:40,TRUE,2025-08-06 08:06:42,Piece clear late.
alert159859,txn10059859,frequent_failure,2025-06-28 13:05,TRUE,2025-06-30 21:05:33,Operation exactly table bed arm cover.
alert175845,txn10075845,unusual_time,2025-05-29 04:13,TRUE,2025-05-31 08:13:28,Maintain small serve daughter.
alert112680,txn10012680,unusual_time,2025-04-03 21:01,TRUE,2025-04-06 21:01:42,Simply security support defense street whom our list.
alert103783,txn10003783,unusual_time,2024-01-15 08:02,TRUE,2024-01-18 04:02:01,Financial though especially affect people.
alert109146,txn10009146,frequent_failure,2024-05-27 21:07,TRUE,2024-05-30 05:07:22,Health my a form.
alert116144,txn10016144,unusual_amount,2025-04-13 11:31,TRUE,2025-04-13 14:31:01,Southern plan leg party admit mean pretty need.
alert148570,txn10048570,frequent_failure,2025-07-24 19:28,TRUE,2025-07-27 12:28:40,Particularly just just put worker owner.
alert146362,txn10046362,suspicious_login,2022-09-11 00:23,TRUE,2022-09-13 15:23:14,Value public realize provide raise fine level.
alert127272,txn10027272,unusual_amount,2025-01-01 10:55,TRUE,2025-01-02 07:55:29,Thus number program note ahead heavy responsibility.
alert155956,txn10055956,frequent_failure,2023-09-21 19:15,TRUE,2023-09-22 08:15:27,Security operation charge get side.
alert177634,txn10077634,suspicious_login,2024-03-04 13:55,TRUE,2024-03-06 12:55:49,Morning hard against quickly there skill.
alert160891,txn10060891,unusual_time,2024-11-15 10:06,TRUE,2024-11-17 20:06:41,Improve yard success own carry know life.
alert196997,txn10096997,suspicious_login,2025-07-03 12:04,TRUE,2025-07-04 01:04:08,Chair involve return a under lead.
alert143074,txn10043074,suspicious_login,2022-08-19 05:40,TRUE,2022-08-19 20:40:42,High product event.
alert172825,txn10072825,frequent_failure,2025-05-06 11:59,TRUE,2025-05-07 12:59:10,Man child sound.
alert188974,txn10088974,unusual_time,2025-07-07 13:26,TRUE,2025-07-08 14:26:37,Me person citizen alone.
alert162427,txn10062427,unusual_amount,2025-07-26 22:33,TRUE,2025-07-28 02:33:02,While force party friend heart.
alert141990,txn10041990,suspicious_login,2025-08-04 09:40,TRUE,2025-08-04 22:40:02,Bill opportunity body common hotel challenge.
alert179871,txn10079871,unusual_amount,2025-05-21 08:37,FALSE,,Little ball successful successful agency.
alert193003,txn10093003,unusual_time,2025-05-11 06:05,TRUE,2025-05-13 08:05:17,Standard consumer Mrs college middle region.
alert114499,txn10014499,suspicious_login,2024-09-15 20:04,TRUE,2024-09-16 13:04:20,Meeting sport unit direction but budget road.
alert133148,txn10033148,suspicious_login,2025-05-25 10:17,TRUE,2025-05-28 05:17:14,Detail far movement much.
alert141208,txn10041208,unusual_time,2025-05-13 13:38,FALSE,,Huge note different remember exist.
alert115059,txn10015059,frequent_failure,2025-04-15 03:17,TRUE,2025-04-17 02:17:58,Goal opportunity now cause affect continue difference end.
alert146315,txn10046315,unusual_amount,2025-06-25 16:11,TRUE,2025-06-27 19:11:59,Move medical modern family campaign rest.
alert122532,txn10022532,unusual_time,2025-07-05 07:57,TRUE,2025-07-06 10:57:47,Will science represent century happy read weight.
alert188762,txn10088762,unusual_time,2025-06-14 18:29,TRUE,2025-06-16 20:29:13,Manage affect Mr town discussion.
alert147033,txn10047033,unusual_time,2025-04-10 12:21,TRUE,2025-04-12 14:21:47,Again baby activity to fast ago have.
alert171641,txn10071641,suspicious_login,2025-03-31 09:42,TRUE,2025-04-02 19:42:23,Pattern similar enjoy too at fight.
alert174985,txn10074985,frequent_failure,2023-09-21 19:22,TRUE,2023-09-22 21:22:49,Animal sea carry crime certain by player but.
alert165963,txn10065963,unusual_amount,2025-02-10 07:36,TRUE,2025-02-12 14:36:36,Hotel catch where would.
alert106410,txn10006410,suspicious_login,2023-11-30 11:16,TRUE,2023-12-02 17:16:22,Season spend save coach say staff card so.
alert194522,txn10094522,unusual_time,2025-05-11 01:33,TRUE,2025-05-13 17:33:40,Adult law through wall fill start three.
alert102101,txn10002101,frequent_failure,2025-07-27 23:18,TRUE,2025-07-30 15:18:48,Serious know water use cold sea dark.
alert143210,txn10043210,suspicious_login,2025-06-18 12:34,TRUE,2025-06-20 18:34:13,Understand lead at still understand.
alert151441,txn10051441,suspicious_login,2025-05-18 08:32,TRUE,2025-05-19 00:32:29,History hotel second result probably.
alert111723,txn10011723,suspicious_login,2025-07-24 05:22,TRUE,2025-07-24 19:22:54,Camera significant question hospital upon clearly seat.
alert176076,txn10076076,frequent_failure,2023-04-12 03:31,TRUE,2023-04-14 21:31:49,Seek admit culture activity economic wrong position lead.
alert167979,txn10067979,unusual_amount,2025-07-12 05:19,TRUE,2025-07-12 22:19:59,Administration simply full cover.
alert160974,txn10060974,suspicious_login,2025-06-25 01:06,TRUE,2025-06-27 22:06:04,Building western ever say.
alert189038,txn10089038,unusual_amount,2025-05-05 18:02,TRUE,2025-05-08 08:02:34,Off during development involve situation bag.
alert147664,txn10047664,frequent_failure,2025-07-14 09:40,TRUE,2025-07-16 18:40:23,Newspaper interview here owner go seven music.
alert110968,txn10010968,unusual_time,2025-06-11 17:31,TRUE,2025-06-13 17:31:34,Teacher determine figure account white dog pull.
alert152067,txn10052067,unusual_time,2023-07-07 21:04,FALSE,,Get open while dream.
alert138742,txn10038742,frequent_failure,2024-12-02 11:51,TRUE,2024-12-02 15:51:46,Loss fine interest state.
alert171936,txn10071936,unusual_amount,2024-11-06 15:56,TRUE,2024-11-07 00:56:48,Throw best these view field.
alert162541,txn10062541,frequent_failure,2023-03-17 05:25,TRUE,2023-03-18 03:25:54,Including meeting still.
alert173696,txn10073696,unusual_amount,2025-06-05 21:43,TRUE,2025-06-08 09:43:17,Court its paper prepare where.
alert175802,txn10075802,unusual_time,2025-04-09 03:13,FALSE,,Tv allow southern blood tell.
alert130805,txn10030805,unusual_amount,2025-05-06 16:39,TRUE,2025-05-06 22:39:16,Hour campaign never office herself probably rest.
alert125055,txn10025055,unusual_time,2024-12-30 02:33,TRUE,2024-12-31 17:33:08,Plant during include service hospital say against.
alert189965,txn10089965,unusual_time,2025-06-06 18:34,TRUE,2025-06-07 01:34:27,Standard away important first use run we.
alert100532,txn10000532,unusual_amount,2025-07-16 00:29,TRUE,2025-07-17 19:29:28,Recognize find lawyer sea great candidate.
alert114720,txn10014720,unusual_amount,2023-08-21 01:23,TRUE,2023-08-21 13:23:32,Simple color fill build.
alert150220,txn10050220,suspicious_login,2024-07-24 06:52,TRUE,2024-07-26 23:52:28,Customer let cause consider.
alert145919,txn10045919,frequent_failure,2022-10-12 01:22,TRUE,2022-10-14 18:22:24,Music inside international standard area specific black.
alert194832,txn10094832,unusual_time,2025-01-29 10:50,TRUE,2025-01-31 02:50:18,Four probably according government provide.
alert180167,txn10080167,unusual_time,2025-04-26 13:03,TRUE,2025-04-28 04:03:53,Build room play season lot cultural source.
alert118831,txn10018831,suspicious_login,2025-07-24 22:34,TRUE,2025-07-26 15:34:29,Easy reflect few later job.
alert116734,txn10016734,unusual_time,2025-07-27 02:33,TRUE,2025-07-28 15:33:30,Start color truth can program.
alert163475,txn10063475,unusual_time,2025-02-06 03:16,TRUE,2025-02-08 08:16:26,Only drive bag seven let increase.
alert184139,txn10084139,unusual_time,2023-04-24 05:55,TRUE,2023-04-24 11:55:23,Prepare until join him price role employee.
alert174369,txn10074369,unusual_amount,2024-10-24 23:54,TRUE,2024-10-26 09:54:08,West mission work.
alert158014,txn10058014,suspicious_login,2022-12-23 19:50,TRUE,2022-12-24 07:50:39,Wear already material summer year surface.
alert151290,txn10051290,suspicious_login,2025-04-17 09:35,TRUE,2025-04-17 14:35:00,Throughout allow my cover by.
alert186039,txn10086039,unusual_time,2025-06-20 09:35,FALSE,,Society affect agree difficult day.
alert136800,txn10036800,unusual_amount,2025-07-19 16:58,TRUE,2025-07-21 18:58:05,Sell dream situation fine program economy determine.
alert109995,txn10009995,suspicious_login,2025-06-12 01:32,FALSE,,Writer back event parent measure happy kind.
alert164790,txn10064790,unusual_amount,2025-04-09 20:26,TRUE,2025-04-10 00:26:44,Like usually collection give author rich it.
alert181016,txn10081016,unusual_amount,2025-04-24 13:09,TRUE,2025-04-25 02:09:09,Three thank it catch say course.
alert103317,txn10003317,suspicious_login,2025-04-05 03:44,TRUE,2025-04-05 10:44:27,Growth camera power yourself strategy key here.
alert179368,txn10079368,unusual_time,2025-07-31 00:21,TRUE,2025-07-31 11:21:03,Born later prepare exist difficult Congress road.
alert180149,txn10080149,unusual_time,2024-07-15 21:27,TRUE,2024-07-18 01:27:15,Population field as amount easy voice.
alert162859,txn10062859,unusual_time,2025-07-04 17:43,TRUE,2025-07-06 20:43:30,Center office growth great author.
alert131027,txn10031027,frequent_failure,2025-08-04 16:13,FALSE,,Two answer recently beyond.
alert167300,txn10067300,unusual_time,2024-06-14 17:59,FALSE,,Serious pretty task whose.
alert158446,txn10058446,unusual_time,2024-11-12 22:12,TRUE,2024-11-13 22:12:23,Film nice special former important room point six.
alert157543,txn10057543,unusual_amount,2025-04-26 00:50,TRUE,2025-04-26 10:50:27,Sit benefit ready table right year.
alert117942,txn10017942,unusual_amount,2022-12-15 11:18,FALSE,,Political partner public behavior food speech recent cut.
alert159023,txn10059023,unusual_time,2024-12-13 23:27,TRUE,2024-12-14 00:27:39,Attack ahead compare miss call tough word.
alert140709,txn10040709,suspicious_login,2025-02-15 06:43,FALSE,,Food almost fact various if near front.
alert159167,txn10059167,unusual_amount,2025-05-26 09:31,TRUE,2025-05-27 01:31:46,Chance grow laugh glass minute within think lawyer.
alert149969,txn10049969,frequent_failure,2024-11-26 13:09,TRUE,2024-11-29 08:09:28,Own population represent.
alert144511,txn10044511,suspicious_login,2025-07-06 02:05,TRUE,2025-07-07 07:05:23,Food several together along.
alert104989,txn10004989,suspicious_login,2025-05-11 18:04,TRUE,2025-05-12 22:04:57,Few ground result then.
alert181952,txn10081952,frequent_failure,2024-04-12 13:43,TRUE,2024-04-14 10:43:19,Situation arm recognize new.
alert112836,txn10012836,suspicious_login,2025-07-13 22:55,TRUE,2025-07-16 16:55:43,What apply strategy pressure.
alert149572,txn10049572,frequent_failure,2025-05-03 20:06,TRUE,2025-05-05 16:06:04,Drop level check letter bill mind instead really.
alert107963,txn10007963,unusual_amount,2024-06-09 00:55,TRUE,2024-06-09 21:55:18,Congress much nation cup.
alert175880,txn10075880,suspicious_login,2025-02-11 14:17,TRUE,2025-02-13 06:17:53,Practice next quality watch car real close camera.
alert127544,txn10027544,unusual_amount,2025-03-28 03:58,FALSE,,Indicate minute standard same.
alert187238,txn10087238,frequent_failure,2024-11-03 19:34,TRUE,2024-11-06 04:34:41,Truth sport leg medical discover mention off think.
alert169497,txn10069497,frequent_failure,2025-07-07 09:13,TRUE,2025-07-09 06:13:43,Goal fish much health various have option.
alert158210,txn10058210,unusual_amount,2025-01-12 19:06,TRUE,2025-01-14 13:06:53,Hair reflect offer teacher soon beyond suffer.
alert194527,txn10094527,suspicious_login,2024-09-15 07:09,TRUE,2024-09-15 16:09:57,Myself down sell reality.
alert119720,txn10019720,unusual_amount,2024-09-16 22:34,TRUE,2024-09-18 08:34:44,Parent trouble morning son.
alert157357,txn10057357,frequent_failure,2025-05-16 23:24,TRUE,2025-05-17 21:24:32,Choose image tend already response true reflect blue.
alert149918,txn10049918,unusual_time,2023-09-09 17:17,TRUE,2023-09-10 22:17:59,Some compare show provide public.
alert168310,txn10068310,unusual_time,2025-06-24 02:47,FALSE,,Sort help size position window.
alert104125,txn10004125,suspicious_login,2025-04-22 14:47,TRUE,2025-04-23 06:47:41,Soon local dinner sister will ask month.
alert178155,txn10078155,suspicious_login,2025-07-30 08:28,TRUE,2025-07-30 23:28:37,Him focus management create main physical put friend.
alert149061,txn10049061,unusual_time,2025-05-23 08:23,TRUE,2025-05-24 11:23:12,House area shake production song customer main.
alert189426,txn10089426,suspicious_login,2023-07-28 08:00,TRUE,2023-07-30 13:00:43,Choose indicate send line play top quickly.
alert105364,txn10005364,unusual_time,2025-07-04 10:48,FALSE,,Beat compare message ball baby former simple green.
alert138128,txn10038128,suspicious_login,2024-11-28 16:30,TRUE,2024-12-01 16:30:52,Music write answer later matter real past.
alert130148,txn10030148,unusual_time,2024-09-27 02:01,TRUE,2024-09-29 01:01:29,Degree government although.
alert166019,txn10066019,unusual_time,2024-01-24 09:54,FALSE,,Matter still fear sister.
alert121517,txn10021517,suspicious_login,2023-02-09 01:05,TRUE,2023-02-10 12:05:06,Standard finish bed early few prepare those hospital.
alert120176,txn10020176,unusual_amount,2024-11-18 08:40,TRUE,2024-11-19 22:40:19,Success charge sound often.
alert178782,txn10078782,suspicious_login,2025-07-19 19:23,TRUE,2025-07-20 22:23:29,Stuff room different.
alert193956,txn10093956,suspicious_login,2025-07-15 03:39,TRUE,2025-07-16 13:39:23,Base analysis without agency.
alert186972,txn10086972,suspicious_login,2024-04-03 14:34,TRUE,2024-04-04 06:34:36,Measure some collection worry music option different.
alert147886,txn10047886,unusual_time,2023-11-12 16:55,FALSE,,Occur the woman trade.
alert172724,txn10072724,unusual_time,2025-07-22 07:59,FALSE,,Consumer simply difference with.
alert174723,txn10074723,frequent_failure,2025-07-02 03:17,TRUE,2025-07-04 16:17:33,Dog item car small.
alert145755,txn10045755,unusual_amount,2024-10-19 12:57,TRUE,2024-10-20 18:57:30,Modern not game something never.
alert185775,txn10085775,frequent_failure,2025-03-22 20:19,TRUE,2025-03-24 01:19:32,White until investment hot event water either somebody.
alert159662,txn10059662,frequent_failure,2024-11-10 03:50,TRUE,2024-11-12 08:50:50,Rule save never small much stage.
alert193454,txn10093454,unusual_amount,2025-07-23 13:24,TRUE,2025-07-24 10:24:02,This evidence nothing left important media.
alert106814,txn10006814,frequent_failure,2025-06-01 15:06,TRUE,2025-06-02 03:06:00,Fine second after hospital sure.
alert111125,txn10011125,unusual_amount,2025-06-09 16:44,TRUE,2025-06-09 21:44:20,Teacher hard public reason suffer notice.
alert180057,txn10080057,unusual_amount,2025-06-28 17:07,TRUE,2025-07-01 16:07:39,Whole hear environment ready step.
alert169177,txn10069177,unusual_amount,2024-06-07 21:39,TRUE,2024-06-10 11:39:36,Everyone friend including crime social and stage door.
alert104589,txn10004589,unusual_amount,2025-07-22 20:25,TRUE,2025-07-25 19:25:34,Suggest of capital adult.
alert129210,txn10029210,frequent_failure,2025-07-18 10:41,TRUE,2025-07-21 09:41:33,Human great natural while consider pattern although.
alert145088,txn10045088,frequent_failure,2025-08-02 01:53,TRUE,2025-08-02 11:53:00,Fly music Mrs remember.
alert100665,txn10000665,unusual_time,2025-01-06 08:20,TRUE,2025-01-06 12:20:02,Myself center east truth perhaps newspaper today.
alert145047,txn10045047,suspicious_login,2025-05-14 12:37,TRUE,2025-05-16 23:37:38,Stay those show may hundred.
alert174356,txn10074356,frequent_failure,2024-05-04 14:36,TRUE,2024-05-05 13:36:36,Particular lead floor almost write big.
alert102808,txn10002808,unusual_amount,2024-05-18 16:25,FALSE,,Walk school car lawyer develop since nature.
alert113124,txn10013124,frequent_failure,2025-06-24 03:49,TRUE,2025-06-24 21:49:39,Different should pretty light season run teach.
alert182622,txn10082622,suspicious_login,2024-02-13 15:18,TRUE,2024-02-15 23:18:51,Suggest political write need.
alert196623,txn10096623,unusual_time,2025-08-04 06:33,TRUE,2025-08-04 23:33:09,Tell take vote.
alert199190,txn10099190,unusual_time,2023-09-30 08:50,FALSE,,Better because study know along return voice.
alert121256,txn10021256,unusual_time,2024-11-22 03:52,TRUE,2024-11-22 05:52:04,Sport election amount begin.
alert178472,txn10078472,unusual_amount,2025-07-31 21:43,TRUE,2025-08-03 21:43:31,Article case item attention event sister.
alert105651,txn10005651,suspicious_login,2025-07-01 21:22,TRUE,2025-07-02 02:22:08,Treatment become hot term.
alert141786,txn10041786,unusual_time,2025-04-16 13:13,TRUE,2025-04-19 10:13:09,Six action head hair nothing let low.
alert103374,txn10003374,suspicious_login,2025-03-27 19:04,TRUE,2025-03-30 10:04:44,Family simply wife eye.
alert191027,txn10091027,unusual_amount,2024-10-13 14:03,TRUE,2024-10-15 21:03:28,Song interesting radio manager teacher under black traditional.
alert164554,txn10064554,unusual_time,2025-04-16 12:34,TRUE,2025-04-19 12:34:48,Let or start study especially.
alert127229,txn10027229,unusual_time,2025-01-16 08:47,TRUE,2025-01-17 23:47:03,Issue the those who.
alert172502,txn10072502,unusual_amount,2024-08-30 10:13,TRUE,2024-08-31 16:13:40,Art change south standard front husband.
alert108433,txn10008433,suspicious_login,2025-08-04 00:30,TRUE,2025-08-06 08:06:42,Our church mouth yard dark.
alert147874,txn10047874,frequent_failure,2025-07-18 04:59,TRUE,2025-07-19 16:59:55,Prove amount hand four time.
alert117888,txn10017888,frequent_failure,2025-07-19 03:12,FALSE,,Leave above play happy.
alert130208,txn10030208,unusual_time,2025-08-04 21:04,TRUE,2025-08-06 08:06:42,Focus begin prevent history management.
alert112932,txn10012932,suspicious_login,2024-05-25 16:48,TRUE,2024-05-28 10:48:07,Affect situation listen.
alert117424,txn10017424,unusual_amount,2024-07-22 13:42,TRUE,2024-07-25 09:42:10,Wide sign similar risk piece wide.
alert120915,txn10020915,suspicious_login,2022-06-29 01:09,TRUE,2022-06-30 08:09:03,Color college office long sea Mr wide.
alert155278,txn10055278,unusual_time,2025-04-08 11:37,TRUE,2025-04-09 06:37:45,Total coach course exist.
alert198994,txn10098994,suspicious_login,2025-06-25 22:53,TRUE,2025-06-28 14:53:45,Traditional suffer seat high.
alert181379,txn10081379,suspicious_login,2024-11-12 10:38,TRUE,2024-11-12 11:38:21,Story position big.
alert113204,txn10013204,suspicious_login,2025-03-22 18:16,TRUE,2025-03-24 20:16:20,Wife analysis seem oil another.
alert139707,txn10039707,suspicious_login,2025-06-29 11:42,TRUE,2025-06-29 19:42:28,Soon analysis seven site produce scientist.
alert100235,txn10000235,unusual_amount,2024-11-15 15:00,TRUE,2024-11-18 12:00:38,Now name ok but current religious.
alert168479,txn10068479,unusual_amount,2023-07-16 03:28,FALSE,,Character quickly impact own free move.
alert166371,txn10066371,suspicious_login,2025-07-26 12:29,TRUE,2025-07-26 19:29:35,Board any create focus.
alert115287,txn10015287,suspicious_login,2025-02-16 13:01,TRUE,2025-02-16 23:01:42,Process in begin agency.
alert120743,txn10020743,unusual_amount,2025-06-28 23:05,TRUE,2025-07-01 19:05:49,Morning low guess director.
alert197121,txn10097121,unusual_time,2024-07-12 23:16,TRUE,2024-07-15 10:16:42,Quite top Mr face head growth course member.
alert132024,txn10032024,unusual_time,2025-08-04 03:02,TRUE,2025-08-05 20:02:14,Staff mean sea sure argue nor.
alert100777,txn10000777,unusual_time,2023-09-13 11:59,TRUE,2023-09-15 13:59:48,Meet education sport sea.
alert112048,txn10012048,unusual_amount,2025-08-05 14:17,TRUE,2025-08-06 08:06:42,Action writer remain through perhaps wind.
alert128803,txn10028803,unusual_amount,2023-03-28 06:59,TRUE,2023-03-30 01:59:35,Remain become keep democratic three civil policy happy.
alert146616,txn10046616,unusual_amount,2025-07-25 09:46,FALSE,,Republican bag describe rule address write develop.
alert137644,txn10037644,suspicious_login,2025-07-28 15:55,TRUE,2025-07-29 03:55:53,Food itself decade whatever hospital respond.
alert193609,txn10093609,unusual_time,2024-03-15 05:14,TRUE,2024-03-16 23:14:53,Control positive writer article a training figure.
alert113884,txn10013884,unusual_amount,2024-04-18 08:05,TRUE,2024-04-19 04:05:10,Less radio discuss.
alert130301,txn10030301,unusual_amount,2025-06-16 01:45,FALSE,,Son important cell stage four individual analysis.
alert158636,txn10058636,unusual_time,2025-04-08 00:02,TRUE,2025-04-09 09:02:19,Type remember American economic activity.
alert176093,txn10076093,unusual_amount,2025-04-15 06:15,TRUE,2025-04-16 11:15:45,Carry mention agent those administration fly party production.
alert186284,txn10086284,unusual_amount,2025-06-24 05:29,TRUE,2025-06-26 00:29:11,Message son food war short key need front.
alert114925,txn10014925,unusual_time,2025-05-05 03:00,TRUE,2025-05-07 10:00:58,American strategy process them maybe four.
alert155239,txn10055239,frequent_failure,2025-05-06 02:15,TRUE,2025-05-07 06:15:40,Him economic girl ready last participant pay.
alert179078,txn10079078,frequent_failure,2025-03-06 09:09,TRUE,2025-03-08 19:09:29,Fly weight ago recognize above raise plan.
alert135385,txn10035385,frequent_failure,2024-06-06 12:01,TRUE,2024-06-07 01:01:18,Happy art behavior.
alert115074,txn10015074,unusual_amount,2025-04-13 04:44,FALSE,,Something within else find office authority politics.
alert149815,txn10049815,unusual_time,2025-01-27 21:57,TRUE,2025-01-30 07:57:24,Which race move later rest operation leader.
alert179704,txn10079704,unusual_time,2025-07-02 15:28,TRUE,2025-07-05 07:28:27,Him line particular organization against story bring.
alert117076,txn10017076,unusual_time,2024-04-06 22:41,TRUE,2024-04-07 10:41:25,Crime deal begin last.
alert129573,txn10029573,suspicious_login,2025-04-01 06:35,TRUE,2025-04-04 06:35:35,Firm cause wish debate maintain.
alert198662,txn10098662,unusual_amount,2025-06-22 04:18,TRUE,2025-06-23 16:18:24,Drop seek find purpose become about note.
alert112746,txn10012746,unusual_amount,2025-03-27 18:35,TRUE,2025-03-28 04:35:56,Type bad care director while.
alert181833,txn10081833,frequent_failure,2025-08-04 00:41,FALSE,,Exist fly significant piece benefit image air.
alert160524,txn10060524,suspicious_login,2024-03-23 16:54,TRUE,2024-03-25 01:54:20,Marriage plant science production.
alert191644,txn10091644,unusual_time,2023-12-22 09:43,FALSE,,Magazine road soon.
alert120794,txn10020794,frequent_failure,2025-07-28 22:28,TRUE,2025-07-30 04:28:02,Suffer here thus five.
alert107192,txn10007192,unusual_time,2024-11-15 18:26,FALSE,,Toward seat health grow.
alert108168,txn10008168,unusual_amount,2025-07-31 14:53,TRUE,2025-08-02 17:53:32,Kid probably effort run rest table country sister.
alert126431,txn10026431,unusual_amount,2024-09-29 23:16,TRUE,2024-10-02 03:16:31,Score special really resource month.
alert185700,txn10085700,suspicious_login,2025-07-15 19:57,TRUE,2025-07-17 00:57:02,Address manager she cold range.
alert102689,txn10002689,unusual_amount,2024-11-18 00:37,TRUE,2024-11-20 20:37:15,Talk available why property.
alert153728,txn10053728,unusual_time,2025-04-12 01:00,TRUE,2025-04-13 09:00:38,Goal myself commercial Republican item like remain floor.
alert199123,txn10099123,frequent_failure,2022-10-05 12:13,TRUE,2022-10-06 17:13:42,Southern professional well.
alert126804,txn10026804,frequent_failure,2023-12-10 01:33,TRUE,2023-12-10 17:33:04,Main should fly which system.
alert192492,txn10092492,unusual_time,2023-10-22 23:57,TRUE,2023-10-25 13:57:11,Investment movement image better.
alert196648,txn10096648,suspicious_login,2025-04-06 02:28,TRUE,2025-04-07 02:28:04,Quite fly those officer hospital no site.
alert141060,txn10041060,unusual_amount,2024-09-30 17:58,TRUE,2024-10-01 15:58:10,Various Mrs college see.
alert136318,txn10036318,suspicious_login,2023-11-08 06:22,TRUE,2023-11-08 15:22:52,He them place man those expect.
alert131947,txn10031947,suspicious_login,2024-10-16 16:04,FALSE,,Include pretty bring hot drug factor they.
alert197578,txn10097578,suspicious_login,2025-07-31 06:46,TRUE,2025-08-01 14:46:53,Next doctor despite democratic contain player.
alert171612,txn10071612,unusual_amount,2025-01-23 08:43,TRUE,2025-01-23 12:43:47,Let through region sit.
alert120044,txn10020044,unusual_time,2025-07-01 05:43,TRUE,2025-07-01 06:43:39,For reduce opportunity yes.
alert137883,txn10037883,unusual_amount,2025-08-06 07:49,FALSE,,Card name teach dream.
alert118824,txn10018824,unusual_amount,2025-02-06 19:54,TRUE,2025-02-07 00:54:32,West child popular stuff remain conference.
alert181940,txn10081940,suspicious_login,2025-05-13 08:21,TRUE,2025-05-13 10:21:17,Already improve behind despite mission.
alert190736,txn10090736,unusual_time,2025-07-04 08:05,TRUE,2025-07-04 10:05:28,Rock some again job statement democratic number.
alert100022,txn10000022,frequent_failure,2025-06-28 16:15,TRUE,2025-06-29 23:15:37,Career including meet defense.
alert140882,txn10040882,unusual_amount,2024-12-16 16:24,TRUE,2024-12-18 07:24:14,Among recent sister establish.
alert139548,txn10039548,unusual_time,2025-08-01 03:18,TRUE,2025-08-02 21:18:57,West study free rise.
alert117727,txn10017727,suspicious_login,2025-02-24 20:56,TRUE,2025-02-27 15:56:48,Ask campaign understand the middle play personal change.
alert129789,txn10029789,unusual_time,2025-07-10 04:45,TRUE,2025-07-13 02:45:15,Purpose true during knowledge mouth animal draw.
alert182415,txn10082415,frequent_failure,2025-01-25 21:50,TRUE,2025-01-27 23:50:17,Whether world threat show standard international.
alert106191,txn10006191,suspicious_login,2024-07-13 13:08,TRUE,2024-07-16 09:08:20,Research more mouth next have.
alert153589,txn10053589,suspicious_login,2025-08-03 14:42,TRUE,2025-08-04 06:42:14,Hospital happen anything feel require sister.
alert127475,txn10027475,unusual_amount,2025-07-13 15:34,TRUE,2025-07-14 00:34:13,Course various mind here production base.
alert117014,txn10017014,unusual_amount,2022-07-08 19:44,TRUE,2022-07-09 07:44:59,Manage tell contain lead.
alert160280,txn10060280,suspicious_login,2025-05-18 06:55,TRUE,2025-05-18 12:55:46,Mean there marriage you relationship sound feel.
alert181652,txn10081652,unusual_amount,2025-06-08 15:41,TRUE,2025-06-09 06:41:30,Fear address sit scientist much system person.
alert109977,txn10009977,unusual_amount,2022-11-25 22:34,FALSE,,National inside guy kind become only.
alert145297,txn10045297,suspicious_login,2025-02-02 20:48,TRUE,2025-02-04 02:48:17,Goal more rest foot.
alert101859,txn10001859,unusual_time,2025-08-04 22:50,TRUE,2025-08-06 08:06:42,Production medical service none defense fish best.
alert121020,txn10021020,suspicious_login,2025-05-31 02:38,TRUE,2025-05-31 17:38:49,Information senior fast yes each partner record great.
alert177636,txn10077636,frequent_failure,2025-07-20 01:25,TRUE,2025-07-22 12:25:14,Pattern do commercial continue.
alert179788,txn10079788,suspicious_login,2024-03-14 21:18,TRUE,2024-03-16 21:18:15,Understand modern approach picture ask art onto.
alert157179,txn10057179,unusual_amount,2025-06-05 19:01,TRUE,2025-06-05 20:01:14,Music rise piece think.
alert188875,txn10088875,suspicious_login,2025-08-02 10:25,FALSE,,Drive which put task people sign consumer source.
alert187208,txn10087208,unusual_amount,2023-06-06 16:29,TRUE,2023-06-09 09:29:18,Marriage lead draw exist travel him important.
alert130538,txn10030538,frequent_failure,2025-07-06 09:39,TRUE,2025-07-08 23:39:08,Can within ago word anyone time.
alert182183,txn10082183,unusual_time,2025-05-04 19:02,TRUE,2025-05-07 17:02:01,Sound move particularly smile age herself the.
alert148481,txn10048481,unusual_amount,2025-08-05 23:20,TRUE,2025-08-06 08:06:42,Another report never drug own art.
alert114525,txn10014525,unusual_amount,2025-07-26 11:52,TRUE,2025-07-28 20:52:08,Partner however improve.
alert115228,txn10015228,unusual_amount,2025-02-20 07:03,FALSE,,Throw oil environment mother watch.
alert132608,txn10032608,unusual_time,2025-07-17 19:14,TRUE,2025-07-19 17:14:22,Hit walk name Mrs center wide begin.
alert172235,txn10072235,suspicious_login,2022-11-16 03:06,TRUE,2022-11-19 02:06:55,Manage choice around order director mouth seem.
alert107369,txn10007369,unusual_time,2025-02-20 17:54,FALSE,,Set see writer those together training thought how.
alert148443,txn10048443,unusual_time,2024-11-27 00:36,TRUE,2024-11-28 15:36:49,Record whom send month maybe decade machine.
alert116724,txn10016724,suspicious_login,2024-09-26 00:02,TRUE,2024-09-26 20:02:07,Major part pass.
alert195453,txn10095453,frequent_failure,2025-03-29 07:43,TRUE,2025-03-31 19:43:35,Door success production.
alert131022,txn10031022,suspicious_login,2025-07-30 08:43,TRUE,2025-07-30 20:43:39,Report central cause cover.
alert136228,txn10036228,frequent_failure,2025-05-19 04:16,FALSE,,Mouth describe relate economy.
alert120835,txn10020835,frequent_failure,2022-08-25 18:04,TRUE,2022-08-28 18:04:38,Already government until order it media.
alert149282,txn10049282,frequent_failure,2022-12-16 09:37,TRUE,2022-12-18 21:37:46,Wind development author instead old near tell treat.
alert184088,txn10084088,frequent_failure,2024-08-30 17:18,TRUE,2024-08-31 21:18:57,Head year ability town.
alert198440,txn10098440,suspicious_login,2024-06-23 09:37,TRUE,2024-06-25 11:37:43,Vote your defense leader.
alert156519,txn10056519,suspicious_login,2025-06-30 03:40,TRUE,2025-07-02 05:40:08,Catch at newspaper others stuff final statement.
alert117471,txn10017471,suspicious_login,2023-06-27 07:22,TRUE,2023-06-28 01:22:15,First former order.
alert154266,txn10054266,unusual_time,2023-08-14 01:37,TRUE,2023-08-15 11:37:15,Form describe family area green room despite.
alert163319,txn10063319,unusual_amount,2025-06-27 15:37,TRUE,2025-06-29 01:37:25,College night enjoy make.
alert199296,txn10099296,unusual_amount,2025-07-18 05:28,TRUE,2025-07-20 11:28:08,Wait ball hotel region wind charge according western.
alert102165,txn10002165,frequent_failure,2024-11-11 18:06,TRUE,2024-11-13 04:06:39,Attack bring camera foreign our later.
alert194220,txn10094220,unusual_time,2025-02-17 12:09,TRUE,2025-02-19 07:09:23,Cup serious food middle.
alert189834,txn10089834,suspicious_login,2025-06-23 12:35,TRUE,2025-06-25 00:35:04,Also rock design your industry police kid.
alert140119,txn10040119,suspicious_login,2023-05-21 02:32,TRUE,2023-05-22 07:32:14,Computer soon ball account.
alert151838,txn10051838,unusual_time,2025-07-05 03:45,TRUE,2025-07-07 16:45:36,Clearly material seem to by.
alert104060,txn10004060,suspicious_login,2022-02-20 07:43,TRUE,2022-02-22 20:43:06,For meet apply perhaps physical.
alert121535,txn10021535,frequent_failure,2025-06-11 05:50,TRUE,2025-06-12 20:50:03,Very man explain.
alert135498,txn10035498,frequent_failure,2024-11-02 07:38,TRUE,2024-11-04 19:38:37,Eat entire break debate talk.
alert166838,txn10066838,suspicious_login,2024-03-24 02:51,TRUE,2024-03-25 20:51:53,Read suggest company world gas.
alert105329,txn10005329,unusual_time,2025-02-24 13:52,TRUE,2025-02-26 06:52:00,Sister interest skin coach including.
alert130483,txn10030483,suspicious_login,2025-07-15 21:09,TRUE,2025-07-16 06:09:07,Outside arm decade.
alert153774,txn10053774,unusual_amount,2024-09-03 01:18,TRUE,2024-09-03 22:18:04,Front play spend list.
alert169725,txn10069725,suspicious_login,2024-12-15 18:16,TRUE,2024-12-18 06:16:54,House leg cold myself.
alert111168,txn10011168,frequent_failure,2023-11-14 05:25,FALSE,,Find word carry smile somebody city.
alert134231,txn10034231,frequent_failure,2025-05-23 05:50,TRUE,2025-05-23 11:50:24,Sell stand remember sea important professor.
alert141510,txn10041510,unusual_time,2025-02-10 21:26,FALSE,,Nothing factor to we measure phone.
alert185986,txn10085986,suspicious_login,2025-02-02 12:00,TRUE,2025-02-03 05:00:19,Model that could.
alert140060,txn10040060,suspicious_login,2025-05-17 10:20,FALSE,,Should leave opportunity it ground.
alert159211,txn10059211,frequent_failure,2025-08-05 22:13,TRUE,2025-08-06 05:13:49,All word eye marriage central.
alert183829,txn10083829,unusual_time,2025-06-07 09:14,TRUE,2025-06-10 09:14:38,Those war business.
alert154004,txn10054004,unusual_time,2024-08-01 08:49,TRUE,2024-08-04 05:49:43,Support long him theory.
alert122911,txn10022911,unusual_amount,2025-01-18 08:43,TRUE,2025-01-19 15:43:24,Cold view true significant simple investment.
alert148750,txn10048750,unusual_amount,2025-05-24 10:47,TRUE,2025-05-26 12:47:49,Specific he green identify piece model.
alert169033,txn10069033,frequent_failure,2025-06-06 01:50,TRUE,2025-06-06 09:50:14,Industry risk boy worry structure situation.
alert195431,txn10095431,frequent_failure,2024-12-14 18:29,TRUE,2024-12-15 07:29:35,Pretty range three camera raise since attack.
alert191167,txn10091167,unusual_time,2024-10-11 04:12,TRUE,2024-10-13 21:12:31,Management major writer agree.
alert111475,txn10011475,unusual_time,2024-08-27 06:57,TRUE,2024-08-27 12:57:47,Area project sign thank.
alert149122,txn10049122,frequent_failure,2025-02-27 06:09,TRUE,2025-02-27 17:09:46,Cut difference may relate rest different light.
alert140261,txn10040261,unusual_time,2025-02-18 09:10,TRUE,2025-02-20 18:10:56,Beat entire man be person white.
alert165349,txn10065349,unusual_amount,2024-08-11 19:53,TRUE,2024-08-12 05:53:46,Kid general however president management response.
alert116920,txn10016920,suspicious_login,2025-07-30 16:40,TRUE,2025-08-02 01:40:20,Enough expect growth news.
alert167531,txn10067531,suspicious_login,2025-02-08 08:30,TRUE,2025-02-08 15:30:03,Director measure speak number prepare end.
alert164318,txn10064318,unusual_time,2023-09-23 19:07,TRUE,2023-09-25 09:07:21,Contain area will fish at.
alert179773,txn10079773,frequent_failure,2025-02-11 19:35,TRUE,2025-02-13 15:35:23,Difference recognize letter pass look mind.
alert127823,txn10027823,suspicious_login,2022-10-22 14:50,TRUE,2022-10-25 08:50:39,After father physical discussion fish sport.
alert175006,txn10075006,unusual_amount,2025-06-10 21:03,TRUE,2025-06-12 01:03:48,Remember each leader speech kind first.
alert138049,txn10038049,frequent_failure,2025-07-15 01:47,TRUE,2025-07-17 09:47:22,Always own represent would impact.
alert121580,txn10021580,frequent_failure,2025-04-09 11:58,TRUE,2025-04-11 06:58:35,Activity section live fight.
alert127984,txn10027984,unusual_amount,2024-11-12 17:57,TRUE,2024-11-13 12:57:20,Reach group should seat.
alert148490,txn10048490,suspicious_login,2025-08-06 01:30,TRUE,2025-08-06 08:06:42,Perform find strong help affect turn whole.
alert149088,txn10049088,suspicious_login,2025-07-31 12:28,TRUE,2025-08-02 12:28:05,Writer better difficult.
alert181549,txn10081549,frequent_failure,2025-03-15 12:51,TRUE,2025-03-17 05:51:53,Enjoy baby lose campaign fund film.
alert113958,txn10013958,unusual_time,2025-01-10 06:47,TRUE,2025-01-11 14:47:53,Note home trial director success you.
alert115129,txn10015129,frequent_failure,2025-06-19 11:25,FALSE,,Culture among see those still.
alert122226,txn10022226,suspicious_login,2025-04-26 17:02,TRUE,2025-04-26 22:02:41,Center actually white senior.
alert131151,txn10031151,frequent_failure,2025-08-05 16:08,TRUE,2025-08-06 04:08:13,Education serious science.
alert148317,txn10048317,frequent_failure,2025-04-28 19:54,TRUE,2025-05-01 12:54:18,Real itself leave population country.
alert144426,txn10044426,unusual_amount,2025-01-22 19:29,TRUE,2025-01-23 08:29:56,Choose in pretty group.
alert145583,txn10045583,unusual_time,2024-08-15 17:03,TRUE,2024-08-18 00:03:44,She occur several threat light good.
alert102226,txn10002226,unusual_amount,2024-10-29 05:35,TRUE,2024-10-31 04:35:24,Wonder face century upon key.
alert149990,txn10049990,suspicious_login,2024-07-29 05:55,TRUE,2024-08-01 01:55:39,Republican church ground us west experience understand political.
alert103252,txn10003252,unusual_amount,2025-05-25 01:20,TRUE,2025-05-26 08:20:40,Officer whom whether bed figure pattern surface.
alert127238,txn10027238,frequent_failure,2025-08-06 00:25,TRUE,2025-08-06 08:06:42,Sound easy white somebody how determine enjoy.
alert171789,txn10071789,unusual_amount,2025-03-24 20:41,TRUE,2025-03-26 13:41:09,Family institution election also.
alert195642,txn10095642,unusual_time,2025-05-04 08:42,TRUE,2025-05-06 07:42:44,Back top respond reflect.
alert112566,txn10012566,frequent_failure,2025-07-06 12:40,TRUE,2025-07-09 11:40:04,Find relate story.
alert129704,txn10029704,unusual_amount,2025-07-15 05:59,TRUE,2025-07-15 23:59:33,Provide model position catch book prevent impact.
alert132324,txn10032324,unusual_amount,2025-08-05 21:22,TRUE,2025-08-06 08:06:42,Treat party government from not care seem million.
alert154725,txn10054725,unusual_amount,2023-03-27 09:30,TRUE,2023-03-27 18:30:08,Available least remember carry black or picture.
alert128260,txn10028260,frequent_failure,2025-07-01 07:32,TRUE,2025-07-02 05:32:08,Voice while knowledge piece daughter owner baby major.
alert132000,txn10032000,suspicious_login,2024-07-04 05:25,TRUE,2024-07-06 23:25:09,Street cover answer early measure mouth.
alert121878,txn10021878,unusual_amount,2024-08-26 15:12,TRUE,2024-08-29 08:12:22,Research generation true news.
alert179730,txn10079730,unusual_amount,2025-04-06 03:31,TRUE,2025-04-08 00:31:42,Away fine kind report free.
alert199662,txn10099662,unusual_amount,2025-07-07 20:03,TRUE,2025-07-10 09:03:33,None pressure nothing large.
alert134261,txn10034261,frequent_failure,2025-08-02 01:44,TRUE,2025-08-04 10:44:00,Point resource range product occur entire.
alert140818,txn10040818,frequent_failure,2025-03-07 05:20,TRUE,2025-03-08 20:20:28,Career matter decision environment understand treatment hospital.
alert174154,txn10074154,frequent_failure,2025-02-11 03:10,TRUE,2025-02-13 18:10:47,Civil top summer by certain.
alert180917,txn10080917,frequent_failure,2025-03-31 14:28,TRUE,2025-04-01 05:28:15,Add ever significant.
alert122799,txn10022799,frequent_failure,2025-08-04 04:46,TRUE,2025-08-05 02:46:46,Provide success best support husband field little our.
alert136679,txn10036679,frequent_failure,2024-07-05 06:01,TRUE,2024-07-08 05:01:53,Special prevent in network position.
alert175398,txn10075398,frequent_failure,2025-03-29 23:10,TRUE,2025-03-30 02:10:48,Team mouth garden here.
alert179847,txn10079847,frequent_failure,2025-07-05 07:35,TRUE,2025-07-05 08:35:57,Kitchen four impact thus.
alert147681,txn10047681,unusual_time,2024-05-20 16:23,TRUE,2024-05-20 19:23:00,Real the serve however information member industry.
alert191091,txn10091091,unusual_amount,2025-04-01 01:36,FALSE,,Let although leave reveal soldier listen green.
alert162386,txn10062386,unusual_amount,2025-07-25 11:55,TRUE,2025-07-25 19:55:13,Respond rate order.
alert146733,txn10046733,frequent_failure,2023-04-27 19:10,TRUE,2023-04-30 13:10:35,About ok management international far have baby produce.
alert101022,txn10001022,unusual_time,2025-04-23 22:57,TRUE,2025-04-26 12:57:01,Serious mind attack business.
alert142569,txn10042569,suspicious_login,2024-10-11 15:53,TRUE,2024-10-14 01:53:42,Recent job explain draw check.
alert144851,txn10044851,frequent_failure,2025-03-27 08:57,TRUE,2025-03-28 20:57:52,Little more skin.
alert131810,txn10031810,frequent_failure,2024-01-09 10:33,TRUE,2024-01-10 00:33:07,Employee none name face actually knowledge wide bill.
alert161432,txn10061432,frequent_failure,2025-08-03 01:00,TRUE,2025-08-04 20:00:55,Baby brother ground fill far resource owner.
alert160551,txn10060551,frequent_failure,2024-06-12 21:48,FALSE,,Despite prepare open especially.
alert133897,txn10033897,unusual_amount,2024-02-12 01:20,TRUE,2024-02-14 06:20:13,Go people view building surface standard garden.
alert162124,txn10062124,suspicious_login,2024-05-24 18:02,TRUE,2024-05-27 08:02:57,Prove left blue build.
alert131673,txn10031673,suspicious_login,2023-06-22 23:42,TRUE,2023-06-24 11:42:29,Lose manager what piece rich nature season.
alert110166,txn10010166,unusual_amount,2025-01-21 05:50,FALSE,,Rise surface section eight their.
alert114218,txn10014218,unusual_amount,2025-02-05 12:51,TRUE,2025-02-07 14:51:12,Game skin whether as property follow.
alert196616,txn10096616,suspicious_login,2025-05-29 04:45,TRUE,2025-05-29 14:45:12,Know simple player tell I catch.
alert172981,txn10072981,unusual_time,2025-05-19 03:24,TRUE,2025-05-21 06:24:57,History identify town prove subject.
alert120371,txn10020371,frequent_failure,2025-07-11 07:51,FALSE,,Physical actually staff first.
alert131496,txn10031496,unusual_time,2025-06-24 09:53,TRUE,2025-06-25 05:53:13,Possible large peace second as its.
alert101333,txn10001333,unusual_amount,2025-06-21 11:53,TRUE,2025-06-23 22:53:51,Song back someone training.
alert110062,txn10010062,frequent_failure,2025-07-05 06:58,TRUE,2025-07-07 19:58:25,Daughter more interesting red politics painting.
alert143461,txn10043461,suspicious_login,2025-06-16 17:51,FALSE,,Discover yourself up professor.
alert117053,txn10017053,suspicious_login,2024-09-11 07:19,TRUE,2024-09-12 05:19:44,Which method thing will capital in.
alert193576,txn10093576,unusual_amount,2023-10-30 19:47,TRUE,2023-10-31 06:47:25,Mr our leader into significant agency because region.
alert160124,txn10060124,unusual_time,2024-08-05 14:04,TRUE,2024-08-06 16:04:44,Time apply reduce east top.
alert192638,txn10092638,suspicious_login,2025-03-28 06:37,FALSE,,Say run staff baby positive have.
alert127696,txn10027696,frequent_failure,2023-03-22 04:32,TRUE,2023-03-22 16:32:37,Or peace political.
alert177495,txn10077495,unusual_time,2024-04-12 17:33,TRUE,2024-04-12 23:33:33,Tough sense fire bed book.
alert126702,txn10026702,suspicious_login,2025-02-26 12:36,TRUE,2025-03-01 04:36:17,End by hand degree prevent someone.
alert172099,txn10072099,frequent_failure,2024-08-31 15:23,TRUE,2024-09-03 12:23:20,Police I everything.
alert104112,txn10004112,unusual_amount,2021-12-25 06:47,TRUE,2021-12-26 12:47:55,Yet left relate note phone.
alert158249,txn10058249,suspicious_login,2025-07-02 02:22,TRUE,2025-07-03 18:22:52,College type kitchen concern recent cause.
alert102752,txn10002752,unusual_time,2024-08-05 19:24,TRUE,2024-08-05 22:24:54,Wear treatment mother those another stage.
alert150996,txn10050996,unusual_amount,2024-08-17 05:33,TRUE,2024-08-19 08:33:35,Realize order another development woman toward.
alert160811,txn10060811,unusual_amount,2023-12-05 03:11,TRUE,2023-12-07 22:11:16,Future town natural.
alert181678,txn10081678,unusual_amount,2024-11-16 07:57,TRUE,2024-11-17 14:57:34,Central set however himself.
alert171400,txn10071400,unusual_amount,2023-08-25 10:19,TRUE,2023-08-27 21:19:21,Quickly who cut forward light.
alert104856,txn10004856,unusual_amount,2023-11-23 09:34,FALSE,,Grow long seven last glass.
alert191068,txn10091068,unusual_amount,2025-07-25 23:01,TRUE,2025-07-28 13:01:50,Whole camera employee drive.
alert161108,txn10061108,unusual_amount,2025-01-01 12:01,TRUE,2025-01-02 08:01:27,Everything order either movie claim.
alert159052,txn10059052,frequent_failure,2025-04-21 12:45,TRUE,2025-04-23 14:45:14,Road agree former without.
alert185971,txn10085971,unusual_amount,2025-07-01 10:18,TRUE,2025-07-02 11:18:32,Letter four war.
alert175136,txn10075136,unusual_time,2025-01-17 20:01,TRUE,2025-01-20 01:01:33,Market hard since story make manager star instead.
alert178861,txn10078861,frequent_failure,2025-07-05 07:37,TRUE,2025-07-06 19:37:24,Sense special prepare surface trouble.
alert182318,txn10082318,unusual_time,2025-07-16 09:02,TRUE,2025-07-19 06:02:59,Probably simple relate minute reflect how.
alert145828,txn10045828,frequent_failure,2025-08-05 05:25,TRUE,2025-08-06 08:06:42,Difference three seven run card.
alert192701,txn10092701,unusual_time,2025-06-21 14:19,TRUE,2025-06-23 00:19:18,Close however could scene side industry.
alert165729,txn10065729,frequent_failure,2024-03-16 22:26,TRUE,2024-03-17 03:26:29,Or name those sport.
alert174265,txn10074265,unusual_amount,2025-05-27 13:01,TRUE,2025-05-27 22:01:47,Student report professional former hotel.
alert184353,txn10084353,frequent_failure,2025-05-16 01:06,TRUE,2025-05-17 16:06:42,Yeah interesting idea interesting body right forget.
alert152502,txn10052502,unusual_amount,2025-07-30 08:05,TRUE,2025-07-31 02:05:48,Sport natural book federal step section.
alert185519,txn10085519,unusual_time,2025-08-02 21:19,TRUE,2025-08-05 12:19:10,Identify magazine low military recognize.
alert108043,txn10008043,unusual_amount,2025-06-27 19:35,TRUE,2025-06-30 12:35:17,Not all board.
alert162432,txn10062432,suspicious_login,2025-06-29 21:25,TRUE,2025-06-30 12:25:57,Industry strong officer sit.
alert155281,txn10055281,unusual_time,2025-02-06 07:04,TRUE,2025-02-08 01:04:45,Old new pick heart.
alert134053,txn10034053,frequent_failure,2025-07-26 15:37,TRUE,2025-07-29 01:37:26,Painting foot there time leg reveal within assume.
alert172038,txn10072038,unusual_amount,2025-01-20 01:28,TRUE,2025-01-22 23:28:11,Door hit strategy story month.
alert188869,txn10088869,unusual_time,2024-12-24 09:42,FALSE,,War study experience likely way alone think.
alert191331,txn10091331,suspicious_login,2023-08-17 12:49,TRUE,2023-08-18 18:49:22,Commercial debate social girl.
alert114127,txn10014127,unusual_time,2023-11-29 05:16,TRUE,2023-11-30 01:16:21,Each interview lose land day degree science.
alert195977,txn10095977,unusual_amount,2023-06-23 07:37,TRUE,2023-06-25 08:37:40,Cover believe tonight talk star onto phone doctor.
alert100773,txn10000773,suspicious_login,2025-02-19 19:48,TRUE,2025-02-21 18:48:51,Kid night car trouble role public tonight.
alert160177,txn10060177,suspicious_login,2025-06-19 03:36,TRUE,2025-06-19 07:36:18,Important early tend tell involve.
alert175291,txn10075291,suspicious_login,2025-03-26 11:03,TRUE,2025-03-27 18:03:36,Citizen hotel part.
alert193036,txn10093036,frequent_failure,2025-05-23 10:30,TRUE,2025-05-26 01:30:30,Protect up brother.
alert191184,txn10091184,unusual_amount,2025-01-08 08:44,TRUE,2025-01-09 18:44:29,Key cultural book.
alert148782,txn10048782,unusual_time,2025-04-11 13:46,TRUE,2025-04-12 07:46:15,Nothing all mind sea no.
alert138702,txn10038702,unusual_amount,2024-08-13 01:58,FALSE,,Visit employee nor how gun eye view power.
alert106973,txn10006973,frequent_failure,2025-07-28 16:09,TRUE,2025-07-28 20:09:34,Participant eye serious street enjoy and customer.
alert142295,txn10042295,frequent_failure,2025-04-28 13:37,TRUE,2025-04-30 15:37:45,Occur hold husband picture least though only.
alert194680,txn10094680,suspicious_login,2023-01-25 13:24,TRUE,2023-01-27 22:24:14,Church attorney matter foreign.
alert180307,txn10080307,unusual_time,2024-11-19 06:57,TRUE,2024-11-20 15:57:27,Possible result stage break structure beautiful at.
alert110252,txn10010252,suspicious_login,2025-06-08 19:03,TRUE,2025-06-11 17:03:18,Hair money speak agreement better to.
alert176556,txn10076556,suspicious_login,2025-07-22 05:33,FALSE,,Cause care administration computer special.
alert155951,txn10055951,frequent_failure,2025-06-01 14:31,TRUE,2025-06-02 13:31:53,View yard color help tend degree.
alert173176,txn10073176,suspicious_login,2025-08-06 03:24,TRUE,2025-08-06 08:06:42,Car particular create blood entire probably.
alert104255,txn10004255,unusual_time,2023-07-12 17:31,TRUE,2023-07-14 09:31:14,Technology live let none.
alert144666,txn10044666,suspicious_login,2025-07-29 22:34,TRUE,2025-07-30 15:34:49,The design class allow write.
alert114757,txn10014757,suspicious_login,2025-04-28 17:14,FALSE,,Season name interest before lawyer assume.
alert196297,txn10096297,unusual_amount,2025-06-12 17:15,TRUE,2025-06-15 16:15:31,Role whether direction yourself reason.
alert168680,txn10068680,unusual_amount,2025-05-21 01:22,TRUE,2025-05-23 12:22:24,Respond head economic teacher.
alert167791,txn10067791,unusual_amount,2025-07-15 12:35,TRUE,2025-07-17 14:35:04,Physical kid whole old fall make.
alert142646,txn10042646,suspicious_login,2025-03-25 06:47,TRUE,2025-03-26 09:47:30,My over your dog democratic executive.
alert149387,txn10049387,frequent_failure,2024-04-04 06:19,FALSE,,Hour side resource want some consumer capital.
alert173515,txn10073515,unusual_time,2024-05-19 17:11,TRUE,2024-05-21 16:11:12,Lay teacher sign pressure responsibility throughout.
alert158876,txn10058876,suspicious_login,2025-07-23 20:55,FALSE,,Speech traditional because sometimes war rate budget program.
alert102374,txn10002374,suspicious_login,2025-02-10 10:36,TRUE,2025-02-11 06:36:11,Cultural while war direction join either.
alert172855,txn10072855,frequent_failure,2025-08-06 05:01,TRUE,2025-08-06 08:06:42,Upon fact late I couple.
alert163887,txn10063887,unusual_time,2025-05-14 06:26,TRUE,2025-05-15 03:26:01,Beautiful film community once husband majority.
alert186120,txn10086120,suspicious_login,2022-10-22 21:13,TRUE,2022-10-24 20:13:02,Approach sport collection senior.
alert188855,txn10088855,unusual_amount,2025-01-29 14:16,TRUE,2025-01-30 03:16:49,Month city color discover community.
alert126472,txn10026472,suspicious_login,2025-06-29 02:31,TRUE,2025-06-30 09:31:36,Sell lay half particular.
alert185338,txn10085338,unusual_amount,2025-07-15 08:44,TRUE,2025-07-16 00:44:23,Great customer away want while cup.
alert176018,txn10076018,unusual_time,2025-02-12 14:15,TRUE,2025-02-12 15:15:28,Serious dream operation force serve guess share.
alert123633,txn10023633,frequent_failure,2025-02-04 02:43,TRUE,2025-02-05 15:43:23,Off knowledge live security top bag.
alert180556,txn10080556,suspicious_login,2025-07-09 04:05,TRUE,2025-07-10 23:05:25,Laugh serious nature health.
alert150107,txn10050107,suspicious_login,2025-01-26 20:34,TRUE,2025-01-26 23:34:58,South on play whatever civil.
alert141667,txn10041667,frequent_failure,2025-04-18 03:07,TRUE,2025-04-21 03:07:55,Nice your voice drive can institution three leg.
alert128779,txn10028779,frequent_failure,2025-01-29 01:44,TRUE,2025-01-29 21:44:43,Cause entire act century claim that.
alert105960,txn10005960,frequent_failure,2025-06-14 03:51,TRUE,2025-06-15 13:51:35,Each standard staff myself significant.
alert160283,txn10060283,unusual_amount,2024-11-01 08:46,TRUE,2024-11-02 06:46:38,Successful public change expect need spring.
alert190096,txn10090096,unusual_time,2024-02-24 19:07,TRUE,2024-02-27 16:07:16,Itself green student unit.
alert174844,txn10074844,unusual_amount,2025-05-19 22:27,TRUE,2025-05-20 17:27:34,Mother strong memory no be born.
alert198958,txn10098958,frequent_failure,2025-05-03 04:36,TRUE,2025-05-03 06:36:55,Woman family poor deep country color its.
alert149258,txn10049258,unusual_time,2025-05-12 19:28,TRUE,2025-05-13 22:28:17,Class far my maybe.
alert150014,txn10050014,frequent_failure,2025-07-30 10:16,TRUE,2025-07-30 13:16:23,Feel fine dinner simply point soldier drop.
alert135705,txn10035705,unusual_time,2025-07-31 15:40,TRUE,2025-08-01 06:40:25,Method fall today real item off page kind.
alert103344,txn10003344,frequent_failure,2023-08-04 15:30,TRUE,2023-08-06 07:30:22,Range source store site education enough drug.
alert138071,txn10038071,unusual_time,2024-03-29 02:04,TRUE,2024-03-30 13:04:02,Game season me property.
alert116753,txn10016753,suspicious_login,2025-08-05 09:06,TRUE,2025-08-05 11:06:39,Least every like political far summer name hospital.
alert100052,txn10000052,suspicious_login,2024-10-06 01:00,FALSE,,Letter support standard glass decide.
alert141201,txn10041201,frequent_failure,2025-07-09 01:15,TRUE,2025-07-09 21:15:06,Close test during down fill development firm.
alert197796,txn10097796,suspicious_login,2025-05-20 09:08,TRUE,2025-05-21 20:08:18,Soldier old whom.
alert107228,txn10007228,suspicious_login,2025-03-12 04:49,TRUE,2025-03-14 13:49:20,Service might my.
alert137236,txn10037236,frequent_failure,2024-03-24 11:44,FALSE,,Speech hot top mother these.
alert172607,txn10072607,suspicious_login,2025-05-21 13:14,TRUE,2025-05-22 01:14:32,Data bring there see officer member allow window.
alert149129,txn10049129,unusual_time,2023-09-08 21:35,TRUE,2023-09-11 07:35:21,Our speak until charge floor.
alert156712,txn10056712,unusual_time,2024-02-15 12:21,TRUE,2024-02-16 08:21:50,Girl during traditional discuss sea environmental want.
alert177382,txn10077382,unusual_amount,2025-08-06 01:48,TRUE,2025-08-06 08:06:42,Save animal white culture.
alert109661,txn10009661,unusual_amount,2025-06-12 11:16,TRUE,2025-06-13 08:16:07,Yes truth piece prevent.
alert122767,txn10022767,unusual_amount,2022-06-10 22:53,TRUE,2022-06-12 05:53:44,Heavy significant trial away pattern.
alert107966,txn10007966,suspicious_login,2024-11-12 21:44,TRUE,2024-11-15 09:44:55,Final poor speak center rate but recognize.
alert152425,txn10052425,unusual_amount,2025-03-29 04:45,FALSE,,Onto political right important strong our make.
alert154636,txn10054636,frequent_failure,2024-05-07 09:40,TRUE,2024-05-07 10:40:09,Forward guess yeah stand eight.
alert165851,txn10065851,frequent_failure,2023-04-04 01:17,TRUE,2023-04-06 20:17:47,Why government crime mention join improve.
alert178354,txn10078354,unusual_amount,2025-03-09 20:17,TRUE,2025-03-11 07:17:15,Show beautiful human let much class both.
alert104162,txn10004162,frequent_failure,2025-05-05 07:07,TRUE,2025-05-05 13:07:42,Culture eat concern for key mean hour.
alert194042,txn10094042,unusual_time,2025-05-16 10:19,TRUE,2025-05-19 09:19:29,Sure major smile from new rest parent.
alert171897,txn10071897,unusual_time,2025-05-13 15:39,TRUE,2025-05-15 08:39:20,Place improve structure.
alert175043,txn10075043,frequent_failure,2025-05-20 03:43,TRUE,2025-05-22 19:43:38,Base might position hundred.
alert150962,txn10050962,frequent_failure,2025-06-11 10:17,FALSE,,Hundred occur quite scene.
alert121118,txn10021118,suspicious_login,2025-07-05 07:53,TRUE,2025-07-05 18:53:45,Not discussion anyone wind assume tell.
alert114256,txn10014256,unusual_time,2023-06-18 02:50,TRUE,2023-06-20 00:50:48,Nation around garden certain.
alert126598,txn10026598,frequent_failure,2025-02-03 23:43,TRUE,2025-02-06 10:43:55,Shake character run president hear rich deal.
alert135884,txn10035884,frequent_failure,2025-08-04 05:46,TRUE,2025-08-06 00:46:26,Piece move pay without.
alert178108,txn10078108,unusual_amount,2024-12-03 03:37,FALSE,,Soldier spring black citizen language worry.
alert189115,txn10089115,unusual_time,2025-07-14 03:51,FALSE,,Others business so letter.
alert130211,txn10030211,unusual_time,2023-11-15 08:39,TRUE,2023-11-18 00:39:18,Prove ability despite protect food fund go.
alert120129,txn10020129,unusual_amount,2025-07-26 03:43,TRUE,2025-07-29 00:43:08,Learn generation reduce one.
alert151498,txn10051498,unusual_amount,2024-11-02 22:06,TRUE,2024-11-05 11:06:21,Girl prepare sort population population person.
alert107841,txn10007841,unusual_time,2024-06-13 08:46,TRUE,2024-06-15 08:46:26,Produce trial among discuss.
alert176447,txn10076447,suspicious_login,2025-05-09 01:52,TRUE,2025-05-10 07:52:58,Often behavior improve that.
alert172123,txn10072123,frequent_failure,2025-03-04 20:19,TRUE,2025-03-05 05:19:56,Like exist bring dog people room.
alert162773,txn10062773,unusual_time,2025-07-03 09:05,TRUE,2025-07-06 03:05:08,Catch season college approach memory.
alert114713,txn10014713,suspicious_login,2025-03-30 04:47,TRUE,2025-03-31 16:47:28,Forget character least toward wait nothing strong.
alert151236,txn10051236,suspicious_login,2023-10-18 10:52,FALSE,,Health ready responsibility they college pretty since.
alert133530,txn10033530,suspicious_login,2024-04-25 05:18,TRUE,2024-04-25 08:18:55,Raise need option do past despite pattern oil.
alert140826,txn10040826,unusual_amount,2025-06-16 00:28,TRUE,2025-06-17 23:28:18,Cover have prevent else.
alert162453,txn10062453,unusual_time,2024-02-20 18:02,TRUE,2024-02-23 01:02:02,Sure parent deal air write free.
alert192203,txn10092203,unusual_time,2024-07-01 06:20,TRUE,2024-07-02 00:20:05,Receive whether even final impact.
alert152603,txn10052603,frequent_failure,2025-07-29 17:31,TRUE,2025-08-01 15:31:55,Long return message never environmental.
alert163592,txn10063592,unusual_time,2024-10-31 16:58,TRUE,2024-11-01 05:58:20,Military character out better class check more.
alert131592,txn10031592,frequent_failure,2025-01-31 17:53,TRUE,2025-02-02 06:53:39,Return century pretty gas my far back affect.
alert144759,txn10044759,frequent_failure,2024-06-28 12:15,FALSE,,Rock interview crime sort.
alert129000,txn10029000,frequent_failure,2021-11-11 14:16,TRUE,2021-11-13 20:16:11,Concern line kind stock beautiful.
alert192051,txn10092051,unusual_amount,2023-11-21 17:24,TRUE,2023-11-22 15:24:38,City security daughter media.
alert115741,txn10015741,unusual_amount,2024-09-05 08:17,TRUE,2024-09-07 18:17:57,Clearly shake environmental suggest even who.
alert198285,txn10098285,unusual_time,2025-06-29 11:37,FALSE,,Republican before industry left per certain.
alert134389,txn10034389,unusual_time,2023-12-05 19:51,TRUE,2023-12-07 02:51:54,Break deep executive safe.
alert172682,txn10072682,unusual_time,2025-04-07 16:58,TRUE,2025-04-10 05:58:25,More measure tree that key.
alert121097,txn10021097,frequent_failure,2025-07-08 10:33,TRUE,2025-07-11 09:33:42,Business edge player box.
alert169230,txn10069230,frequent_failure,2025-01-24 00:20,TRUE,2025-01-26 20:20:24,Now four worry responsibility for break.
alert108700,txn10008700,frequent_failure,2024-11-20 11:11,TRUE,2024-11-22 21:11:30,Statement rise everyone.
alert183640,txn10083640,unusual_time,2025-06-14 18:24,TRUE,2025-06-17 08:24:39,Data evidence yard great.
alert129947,txn10029947,unusual_amount,2025-06-13 05:27,FALSE,,Fast world black figure.
alert140442,txn10040442,unusual_amount,2025-06-04 13:52,TRUE,2025-06-05 22:52:31,Pressure recent score your letter discuss opportunity weight.
alert124223,txn10024223,unusual_amount,2025-02-22 10:34,TRUE,2025-02-23 16:34:08,Us fill daughter program finally thank worry.
alert125909,txn10025909,frequent_failure,2025-05-01 03:49,TRUE,2025-05-04 02:49:04,Food reason hospital.
alert135451,txn10035451,suspicious_login,2025-04-29 12:25,TRUE,2025-04-30 02:25:33,Billion reality miss I blood.
alert124312,txn10024312,unusual_amount,2025-05-21 21:19,TRUE,2025-05-22 18:19:29,Decision why against yard turn pressure realize even.
alert120967,txn10020967,frequent_failure,2025-07-31 22:34,TRUE,2025-08-03 16:34:44,Trouble ask experience cut.
alert171444,txn10071444,frequent_failure,2025-06-01 18:32,TRUE,2025-06-03 06:32:17,Near career chance heavy there right herself.
alert197948,txn10097948,unusual_amount,2025-01-17 10:22,TRUE,2025-01-18 00:22:22,Maintain sign find key network memory.
alert194027,txn10094027,suspicious_login,2023-11-11 10:20,TRUE,2023-11-13 02:20:42,Task spring end rather.
alert121974,txn10021974,unusual_time,2024-01-06 06:05,TRUE,2024-01-08 00:05:10,Summer wonder purpose pretty cut drop both.
alert138189,txn10038189,unusual_time,2024-03-29 15:59,TRUE,2024-03-30 22:59:28,Once decade record bar million color young.
alert193658,txn10093658,unusual_amount,2025-02-16 16:30,TRUE,2025-02-18 01:30:35,Similar indicate particularly age.
alert183755,txn10083755,unusual_time,2025-01-10 00:29,TRUE,2025-01-10 19:29:52,Result institution fund tree some court.
alert102822,txn10002822,frequent_failure,2024-12-19 00:20,TRUE,2024-12-21 16:20:15,Follow check design fall player behind.
alert194269,txn10094269,unusual_amount,2025-04-30 11:24,TRUE,2025-05-01 11:24:39,Clearly truth writer deal.
alert175276,txn10075276,suspicious_login,2025-01-27 06:26,FALSE,,Teach five set miss above begin behind.
alert150815,txn10050815,frequent_failure,2025-07-27 09:15,TRUE,2025-07-30 02:15:28,Might quality write left drive.
alert111094,txn10011094,suspicious_login,2025-05-13 17:20,TRUE,2025-05-15 22:20:30,Lay toward crime value there everything foreign.
alert192892,txn10092892,suspicious_login,2025-06-30 19:29,TRUE,2025-07-01 07:29:54,Report wish southern particular condition.
alert131885,txn10031885,unusual_amount,2024-10-22 07:04,FALSE,,From senior near avoid.
alert120398,txn10020398,frequent_failure,2022-10-02 13:59,TRUE,2022-10-04 06:59:32,Arm education nothing star many win.
alert100684,txn10000684,unusual_time,2024-10-07 12:17,TRUE,2024-10-07 16:17:48,Amount forget body role understand.
alert194403,txn10094403,suspicious_login,2025-01-27 01:00,TRUE,2025-01-27 16:00:40,Minute social east opportunity hold.
alert120200,txn10020200,suspicious_login,2025-08-03 06:10,TRUE,2025-08-04 19:10:47,Again me head law perhaps site minute.
alert139957,txn10039957,unusual_amount,2023-07-08 11:54,TRUE,2023-07-11 08:54:30,Truth as Mr outside him.
alert103737,txn10003737,frequent_failure,2025-07-18 21:35,TRUE,2025-07-21 07:35:53,More apply quality song.
alert109447,txn10009447,unusual_amount,2023-11-18 10:30,TRUE,2023-11-19 15:30:05,Majority society eat magazine career point.
alert119879,txn10019879,suspicious_login,2025-02-21 07:21,TRUE,2025-02-22 19:21:03,Protect pay during up pattern sit.
alert115380,txn10015380,suspicious_login,2025-07-06 03:36,TRUE,2025-07-06 14:36:50,Kitchen across young local anyone especially discussion.
alert167194,txn10067194,frequent_failure,2025-06-05 04:58,TRUE,2025-06-06 10:58:05,Effort instead adult it station.
alert172040,txn10072040,unusual_amount,2025-06-07 12:02,TRUE,2025-06-10 10:02:23,Feeling fine such likely city lot painting.
alert166282,txn10066282,unusual_time,2025-07-10 03:31,TRUE,2025-07-10 23:31:34,Set have determine.
alert151910,txn10051910,unusual_time,2024-02-14 05:36,FALSE,,Practice pass wall player sure cover.
alert158880,txn10058880,frequent_failure,2025-04-06 14:20,TRUE,2025-04-08 00:20:26,Process ball here hospital.
alert110597,txn10010597,unusual_amount,2025-03-03 08:49,TRUE,2025-03-05 12:49:31,Lawyer camera carry east.
alert187710,txn10087710,unusual_time,2022-08-08 21:42,TRUE,2022-08-10 20:42:33,His particularly school notice.
alert149504,txn10049504,unusual_time,2023-12-27 14:09,TRUE,2023-12-30 14:09:04,Son treatment letter paper benefit.
alert108124,txn10008124,frequent_failure,2024-10-09 11:28,TRUE,2024-10-11 23:28:34,Never recently heavy voice.
alert143064,txn10043064,unusual_amount,2022-02-08 09:52,TRUE,2022-02-09 01:52:39,Animal both nature woman.
alert148973,txn10048973,suspicious_login,2025-02-08 17:51,TRUE,2025-02-09 20:51:26,Record believe section its hope so.
alert128060,txn10028060,frequent_failure,2024-06-20 19:00,TRUE,2024-06-23 11:00:48,Together rise former center push.
alert175414,txn10075414,unusual_amount,2025-07-20 09:37,TRUE,2025-07-23 04:37:01,Magazine amount describe feeling itself will wish grow.
alert192760,txn10092760,unusual_time,2025-07-24 13:31,TRUE,2025-07-25 10:31:38,Later left which put when society.
alert127253,txn10027253,unusual_amount,2025-06-04 00:51,TRUE,2025-06-06 07:51:38,Itself respond chance believe member professor cultural.
alert158177,txn10058177,unusual_amount,2025-07-10 15:59,TRUE,2025-07-11 08:59:55,Stand general within their history floor.
alert187435,txn10087435,unusual_amount,2023-10-28 03:59,TRUE,2023-10-29 02:59:11,Public right figure large mission likely front get.
alert142555,txn10042555,unusual_amount,2024-11-07 22:43,FALSE,,Decide understand final research special.
alert113840,txn10013840,unusual_amount,2025-07-29 19:25,TRUE,2025-07-29 20:25:47,Investment leave general art.
alert195888,txn10095888,unusual_time,2025-05-16 07:53,TRUE,2025-05-16 16:53:49,Explain herself decade particularly.
alert124521,txn10024521,unusual_time,2024-03-12 23:20,TRUE,2024-03-15 04:20:17,Former single how among fall main.
alert115520,txn10015520,frequent_failure,2025-08-01 16:58,TRUE,2025-08-02 21:58:48,Run ground responsibility challenge dinner authority.
alert106774,txn10006774,unusual_amount,2025-07-28 12:43,FALSE,,Room from peace mention fall adult.
alert112209,txn10012209,unusual_amount,2023-01-08 11:07,TRUE,2023-01-10 07:07:29,Again husband themselves training what.
alert183998,txn10083998,unusual_time,2024-01-18 19:42,FALSE,,Sort hope air happen low.
alert124473,txn10024473,unusual_time,2025-07-25 04:19,TRUE,2025-07-27 17:19:08,Cut start war agree success management establish young.
alert159621,txn10059621,unusual_amount,2023-07-27 13:29,TRUE,2023-07-29 05:29:41,Also enough human.
alert178023,txn10078023,unusual_time,2024-11-26 10:20,TRUE,2024-11-28 12:20:52,Tough nature few.
alert106987,txn10006987,frequent_failure,2025-05-11 07:42,TRUE,2025-05-13 10:42:54,Perhaps involve check people local think.
alert179565,txn10079565,frequent_failure,2025-07-24 16:14,TRUE,2025-07-27 01:14:51,Executive prepare before.
alert132146,txn10032146,suspicious_login,2024-12-22 18:00,TRUE,2024-12-24 18:00:11,Fund officer about increase college deal budget.
alert197622,txn10097622,suspicious_login,2025-01-06 08:52,TRUE,2025-01-06 14:52:55,Prepare nearly third management.
alert197379,txn10097379,frequent_failure,2024-12-02 23:59,TRUE,2024-12-03 06:59:26,Interest none sound create.
alert129504,txn10029504,unusual_amount,2024-09-23 08:01,TRUE,2024-09-23 20:01:19,Often wall civil happy American box address.
alert163661,txn10063661,frequent_failure,2025-07-15 02:57,TRUE,2025-07-17 01:57:34,Wait mention already eight college thing.
alert145119,txn10045119,unusual_amount,2025-08-06 04:03,TRUE,2025-08-06 08:06:42,Full end former value indeed shake.
alert190183,txn10090183,frequent_failure,2025-02-27 08:49,FALSE,,Sister happy peace cover.
alert117691,txn10017691,frequent_failure,2025-07-23 20:46,TRUE,2025-07-24 21:46:24,What dinner PM sometimes body share.
alert154289,txn10054289,unusual_time,2025-07-22 12:32,TRUE,2025-07-24 08:32:27,A standard possible no.
alert150023,txn10050023,unusual_amount,2025-07-06 10:31,TRUE,2025-07-08 12:31:52,Drug both outside improve push speech inside.
alert158403,txn10058403,frequent_failure,2025-07-05 21:30,FALSE,,Book recognize yeah doctor could a.
alert135685,txn10035685,frequent_failure,2025-05-12 23:11,TRUE,2025-05-15 04:11:08,Season technology article continue join.
alert181883,txn10081883,frequent_failure,2025-06-23 21:41,TRUE,2025-06-24 16:41:03,That moment something more protect national.
alert111708,txn10011708,suspicious_login,2025-05-26 19:00,FALSE,,Treatment television some suffer available tough.
alert117396,txn10017396,unusual_amount,2024-05-13 06:22,TRUE,2024-05-16 05:22:37,Lay attack agency with break.
alert155950,txn10055950,suspicious_login,2025-07-27 10:29,TRUE,2025-07-30 00:29:09,Sure gas year around environment safe quickly.
alert147820,txn10047820,suspicious_login,2025-07-28 15:56,TRUE,2025-07-31 11:56:24,Radio also break some bar participant those.
alert156645,txn10056645,unusual_time,2023-04-16 07:55,TRUE,2023-04-17 03:55:27,New carry tax test.
alert146707,txn10046707,suspicious_login,2025-02-18 04:59,TRUE,2025-02-19 18:59:30,Hope sometimes feeling main series foot.
alert182756,txn10082756,unusual_time,2025-08-05 05:52,FALSE,,Present color and form very give.
alert138280,txn10038280,unusual_amount,2023-03-15 09:19,TRUE,2023-03-15 17:19:00,Fire argue red.
alert166447,txn10066447,unusual_time,2025-06-21 01:26,TRUE,2025-06-21 12:26:38,Bring put Republican resource right tend cell.
alert133142,txn10033142,frequent_failure,2025-05-07 03:11,TRUE,2025-05-09 15:11:56,Hotel factor opportunity daughter.
alert143333,txn10043333,frequent_failure,2024-12-27 08:43,FALSE,,Ability voice prepare decision discuss treatment type.
alert157116,txn10057116,unusual_amount,2024-04-25 02:03,TRUE,2024-04-27 01:03:35,They business data college.
alert128745,txn10028745,unusual_amount,2025-03-11 14:39,TRUE,2025-03-11 21:39:42,According style put.
alert176454,txn10076454,unusual_time,2025-07-27 01:12,TRUE,2025-07-28 00:12:26,Mrs nothing above yes.
alert161991,txn10061991,unusual_amount,2025-05-25 06:10,TRUE,2025-05-27 00:10:57,Air yet best medical.
alert163764,txn10063764,frequent_failure,2025-07-10 02:33,FALSE,,Huge discuss course executive four teach authority.
alert132308,txn10032308,unusual_time,2023-08-03 11:16,FALSE,,Thousand apply good authority.
alert128044,txn10028044,unusual_time,2025-04-18 21:21,TRUE,2025-04-20 22:21:33,Item will oil by low wait hold.
alert140995,txn10040995,frequent_failure,2025-08-03 23:10,TRUE,2025-08-06 08:06:42,This black rest herself save campaign have same.
alert170608,txn10070608,suspicious_login,2025-06-27 12:14,TRUE,2025-06-29 00:14:58,Court economic administration.
alert101574,txn10001574,suspicious_login,2025-08-06 02:25,TRUE,2025-08-06 08:06:42,Theory mind marriage use so say.
alert121090,txn10021090,unusual_amount,2025-08-05 14:53,TRUE,2025-08-06 08:06:42,Ready practice production woman worry.
alert173612,txn10073612,unusual_time,2024-11-12 18:02,TRUE,2024-11-13 01:02:17,Foreign several drug list case.
alert155205,txn10055205,suspicious_login,2025-05-19 15:12,TRUE,2025-05-19 17:12:41,The seek foot body manage president.
alert131830,txn10031830,unusual_amount,2024-11-11 04:22,TRUE,2024-11-13 11:22:10,Improve various Democrat law line.
alert171637,txn10071637,unusual_amount,2025-02-05 07:24,FALSE,,Certainly one hold bar school continue fund nearly.
alert124134,txn10024134,frequent_failure,2025-02-08 06:43,TRUE,2025-02-09 01:43:50,This range worry unit.
alert147276,txn10047276,unusual_amount,2025-06-19 06:38,TRUE,2025-06-22 02:38:59,Significant education wife across.
alert158948,txn10058948,unusual_amount,2024-03-07 21:08,TRUE,2024-03-09 17:08:24,Build company read.
alert153784,txn10053784,suspicious_login,2023-03-23 19:37,TRUE,2023-03-25 02:37:26,Million allow rock respond.
alert161049,txn10061049,frequent_failure,2024-04-07 20:41,TRUE,2024-04-09 08:41:01,Red direction method.
alert124492,txn10024492,frequent_failure,2025-07-19 10:05,TRUE,2025-07-19 12:05:32,Stock before area expert choose different.
alert130149,txn10030149,unusual_amount,2024-10-10 13:29,TRUE,2024-10-13 11:29:47,Pm page according stand fund plan.
alert160841,txn10060841,unusual_time,2025-06-19 15:42,TRUE,2025-06-22 05:42:52,Particularly material attention even.
alert149452,txn10049452,frequent_failure,2025-06-29 23:17,TRUE,2025-07-02 18:17:08,Factor paper population away summer lead last picture.
alert104396,txn10004396,unusual_amount,2025-07-06 06:13,TRUE,2025-07-07 13:13:16,Program change fall drive.
alert102695,txn10002695,frequent_failure,2024-11-12 16:17,TRUE,2024-11-13 08:17:27,Throw how receive later official forward card.
alert139540,txn10039540,frequent_failure,2024-10-12 22:09,TRUE,2024-10-15 21:09:55,Deep use fight various edge.
alert112879,txn10012879,unusual_time,2025-08-04 02:33,TRUE,2025-08-05 14:33:53,Interview stuff cultural forward spring him generation.
alert135823,txn10035823,frequent_failure,2025-06-27 00:20,FALSE,,Idea produce church father across eight now project.
alert159992,txn10059992,unusual_time,2025-05-16 23:20,TRUE,2025-05-19 08:20:11,Quality candidate decade image.
alert154894,txn10054894,unusual_amount,2024-03-27 08:19,FALSE,,Now end child serve provide.
alert107398,txn10007398,unusual_time,2024-11-02 04:58,TRUE,2024-11-02 07:58:07,Smile executive born energy contain.
alert190353,txn10090353,unusual_time,2025-03-09 07:30,TRUE,2025-03-09 20:30:50,Firm who upon.
alert119229,txn10019229,suspicious_login,2025-07-27 07:19,TRUE,2025-07-30 03:19:12,Imagine past happy down approach attack.
alert199414,txn10099414,suspicious_login,2025-07-06 08:46,TRUE,2025-07-07 05:46:49,Player ten chance skin three defense.
alert103849,txn10003849,frequent_failure,2025-07-28 21:55,TRUE,2025-07-30 13:55:21,Myself professor born over left foot red.
alert169899,txn10069899,unusual_amount,2025-06-26 10:40,TRUE,2025-06-26 13:40:39,Life meeting morning.
alert178985,txn10078985,unusual_amount,2024-09-14 11:24,TRUE,2024-09-16 07:24:48,Firm grow opportunity reach rest school.
alert183691,txn10083691,frequent_failure,2025-06-26 08:13,TRUE,2025-06-27 08:13:49,Head employee represent bag edge they could.
alert102072,txn10002072,suspicious_login,2025-07-28 03:35,TRUE,2025-07-28 07:35:05,Improve worry little billion.
alert146978,txn10046978,frequent_failure,2025-05-04 00:35,TRUE,2025-05-05 18:35:45,Ball far offer people.
alert168944,txn10068944,suspicious_login,2025-05-25 10:48,TRUE,2025-05-26 23:48:32,Do wrong now let.
alert147638,txn10047638,unusual_amount,2025-03-10 10:30,TRUE,2025-03-12 05:30:56,Could thing produce lead college.
alert189399,txn10089399,frequent_failure,2025-08-03 06:05,TRUE,2025-08-04 04:05:05,Live space note environmental range hold.
alert116217,txn10016217,unusual_amount,2025-08-05 12:36,FALSE,,Team standard data subject them TV Mr own.
alert153991,txn10053991,frequent_failure,2024-08-11 21:03,TRUE,2024-08-13 06:03:25,Sound along college certain.
alert100457,txn10000457,suspicious_login,2025-07-24 03:19,TRUE,2025-07-26 14:19:11,Law response real it.
alert160969,txn10060969,unusual_time,2025-01-11 18:14,FALSE,,Star everything main.
alert196757,txn10096757,suspicious_login,2025-01-08 22:43,TRUE,2025-01-09 23:43:07,Only line nation.
alert155782,txn10055782,suspicious_login,2024-06-15 01:21,TRUE,2024-06-15 20:21:10,Card growth by play series reason finish hand.
alert122525,txn10022525,unusual_time,2025-06-07 08:11,FALSE,,Form building truth.
alert146294,txn10046294,unusual_amount,2025-03-04 09:28,TRUE,2025-03-04 13:28:15,Idea policy miss ability pick sometimes station.
alert140856,txn10040856,suspicious_login,2022-10-10 07:51,TRUE,2022-10-10 22:51:37,Point bag also garden he.
alert185558,txn10085558,unusual_amount,2022-08-22 21:14,TRUE,2022-08-25 02:14:20,Threat actually management glass record.
alert110687,txn10010687,frequent_failure,2024-12-11 07:47,TRUE,2024-12-11 18:47:24,Since fire seek market.
alert190732,txn10090732,suspicious_login,2024-10-24 16:33,TRUE,2024-10-24 20:33:48,Growth get grow human enjoy.
alert119701,txn10019701,unusual_time,2025-05-29 01:03,TRUE,2025-05-30 07:03:43,Including difficult response section.
alert177919,txn10077919,frequent_failure,2025-07-15 12:13,FALSE,,Condition indeed agency kind.
alert139596,txn10039596,unusual_time,2025-01-08 06:57,TRUE,2025-01-09 16:57:40,Second technology continue program soldier.
alert157248,txn10057248,unusual_amount,2025-04-29 12:25,TRUE,2025-05-02 08:25:26,Catch better teacher outside.
alert195436,txn10095436,frequent_failure,2025-03-18 23:54,FALSE,,Leader less task land order letter score.
alert124830,txn10024830,frequent_failure,2025-03-16 09:53,FALSE,,Nature physical what really character American process.
alert136551,txn10036551,frequent_failure,2025-07-30 15:34,FALSE,,Woman before house manager generation pass large.
alert118666,txn10018666,frequent_failure,2024-03-07 05:12,TRUE,2024-03-08 00:12:36,Ahead several will even begin cause.
alert136269,txn10036269,unusual_amount,2025-04-01 22:19,TRUE,2025-04-02 12:19:30,Difficult amount book firm attack year issue wind.
alert115457,txn10015457,frequent_failure,2025-01-01 06:39,TRUE,2025-01-01 17:39:15,Few voice available stop author rule admit newspaper.
alert130036,txn10030036,frequent_failure,2025-07-29 03:20,TRUE,2025-08-01 03:20:45,Who hot key himself.
alert145896,txn10045896,suspicious_login,2025-05-14 16:12,TRUE,2025-05-17 14:12:27,Surface baby attack.
alert125875,txn10025875,unusual_time,2025-04-21 18:23,FALSE,,Type data behind activity glass.
alert183554,txn10083554,unusual_amount,2025-08-01 03:19,TRUE,2025-08-01 06:19:26,Another own tonight song.
alert178809,txn10078809,unusual_time,2025-06-20 02:42,TRUE,2025-06-20 19:42:58,Base fact one include each experience.
alert145903,txn10045903,frequent_failure,2024-10-25 09:42,TRUE,2024-10-28 02:42:44,Yes give pass speak benefit free history.
alert184197,txn10084197,frequent_failure,2025-05-25 13:24,TRUE,2025-05-26 05:24:20,Travel relate avoid up accept.
alert176933,txn10076933,unusual_time,2025-05-06 16:12,TRUE,2025-05-07 06:12:01,Eat ability conference blood hospital wear get.
alert110125,txn10010125,frequent_failure,2025-06-15 01:14,TRUE,2025-06-17 20:14:23,From fact between rule.
alert193349,txn10093349,suspicious_login,2023-11-21 23:20,TRUE,2023-11-23 12:20:35,Research know election discover me.
alert139325,txn10039325,unusual_amount,2025-05-30 08:25,TRUE,2025-06-02 07:25:46,Determine tell no ago material wait thought.
alert188006,txn10088006,suspicious_login,2025-01-22 20:52,TRUE,2025-01-24 02:52:39,Town animal Democrat.
alert137767,txn10037767,unusual_time,2024-07-22 06:50,FALSE,,Cover gas contain general than wall arm.
alert188944,txn10088944,suspicious_login,2025-07-08 15:41,TRUE,2025-07-10 19:41:19,Adult dog enjoy less.
alert187949,txn10087949,unusual_time,2023-04-28 23:31,TRUE,2023-05-01 00:31:37,Include increase political return eye.
alert174431,txn10074431,unusual_time,2025-03-18 08:44,TRUE,2025-03-19 13:44:05,Low year must western later.
alert198976,txn10098976,suspicious_login,2025-06-13 06:04,TRUE,2025-06-15 02:04:06,Nothing on carry president state.
alert165347,txn10065347,unusual_amount,2024-02-02 08:52,TRUE,2024-02-05 05:52:45,Material along pass toward name.
alert186618,txn10086618,suspicious_login,2025-05-23 02:24,TRUE,2025-05-25 04:24:18,Teacher relate night growth message your buy all.
alert133369,txn10033369,unusual_amount,2023-05-07 03:29,TRUE,2023-05-08 10:29:56,It raise Democrat state whether among notice listen.
alert134216,txn10034216,frequent_failure,2024-11-24 12:50,TRUE,2024-11-26 16:50:27,Quality majority call hit above.
alert143958,txn10043958,unusual_time,2025-05-04 03:55,TRUE,2025-05-06 01:55:27,Here simply season pass body back.
alert128826,txn10028826,unusual_amount,2025-08-03 07:19,TRUE,2025-08-05 14:19:06,Space authority budget may attack ball.
alert175204,txn10075204,suspicious_login,2024-11-14 09:25,TRUE,2024-11-17 04:25:14,Seem magazine article price.
alert131515,txn10031515,unusual_amount,2024-02-16 19:18,TRUE,2024-02-17 12:18:53,Blood present mission opportunity manage actually leader.
alert115753,txn10015753,unusual_time,2025-02-07 09:11,TRUE,2025-02-08 16:11:32,His happy stock best allow imagine politics.
alert136981,txn10036981,unusual_time,2024-06-11 04:40,TRUE,2024-06-11 18:40:10,Fast summer government huge fish of talk father.
alert154682,txn10054682,unusual_time,2025-06-25 01:03,TRUE,2025-06-27 02:03:04,After individual popular there magazine.
alert186555,txn10086555,suspicious_login,2024-12-18 15:43,TRUE,2024-12-21 03:43:59,Professional nothing arrive budget despite try miss.
alert139340,txn10039340,frequent_failure,2025-03-24 21:33,TRUE,2025-03-27 17:33:22,Officer standard threat major realize action they.
alert174586,txn10074586,unusual_time,2025-06-27 11:43,TRUE,2025-06-28 09:43:27,Rather student pattern stay actually chair own.
alert175094,txn10075094,frequent_failure,2025-07-30 00:56,TRUE,2025-08-01 17:56:25,Result away must investment.
alert101519,txn10001519,frequent_failure,2024-07-15 02:48,TRUE,2024-07-16 19:48:09,This or line word project.
alert194260,txn10094260,unusual_time,2024-11-05 10:51,TRUE,2024-11-05 16:51:41,Difficult expert building nearly serious call.
alert157608,txn10057608,unusual_time,2025-07-14 18:20,FALSE,,Almost candidate yet majority difference Democrat reach.
alert191968,txn10091968,unusual_time,2025-06-27 14:47,TRUE,2025-06-28 01:47:22,Have while sit eight ten word.
alert184817,txn10084817,unusual_time,2025-07-04 14:57,TRUE,2025-07-07 07:57:47,Career deal want do.
alert112582,txn10012582,suspicious_login,2025-06-07 09:36,TRUE,2025-06-09 11:36:19,Usually space career religious.
alert164890,txn10064890,unusual_amount,2025-07-01 06:04,TRUE,2025-07-02 13:04:14,Produce section toward apply.
alert160588,txn10060588,unusual_amount,2025-03-23 09:01,TRUE,2025-03-24 15:01:40,Tree interview day tough tonight rate there participant.
alert177175,txn10077175,unusual_time,2024-12-28 07:46,TRUE,2024-12-31 02:46:29,Model already others ready see near environmental.
alert109112,txn10009112,frequent_failure,2025-06-15 20:17,TRUE,2025-06-18 16:17:18,The receive simple game.
alert109128,txn10009128,unusual_amount,2025-06-15 18:12,TRUE,2025-06-18 04:12:05,Television only ball describe capital.
alert172031,txn10072031,suspicious_login,2024-09-30 08:47,TRUE,2024-09-30 16:47:32,Rock work role reality economic send.
alert133348,txn10033348,frequent_failure,2024-12-20 21:53,TRUE,2024-12-21 16:53:17,Half administration fly wait consumer be environment.
alert111730,txn10011730,suspicious_login,2023-05-02 15:56,TRUE,2023-05-04 01:56:25,Decide bad soon.
alert188106,txn10088106,unusual_amount,2025-08-06 05:39,FALSE,,Forget word look indicate language.
alert163416,txn10063416,unusual_time,2025-06-12 12:42,TRUE,2025-06-13 15:42:50,Defense yes nature officer ask serve close.
alert134622,txn10034622,unusual_time,2025-01-11 02:16,TRUE,2025-01-12 14:16:58,Identify southern growth purpose.
alert141218,txn10041218,frequent_failure,2025-07-04 18:16,FALSE,,Case cultural require role product appear.
alert143321,txn10043321,suspicious_login,2025-07-22 23:15,TRUE,2025-07-25 09:15:31,Important board apply them change.
alert124577,txn10024577,suspicious_login,2024-09-08 18:01,TRUE,2024-09-10 06:01:15,Enough there sing away girl practice improve establish.
alert102280,txn10002280,unusual_time,2025-04-11 13:28,TRUE,2025-04-12 22:28:05,Your role hear sport million trade.
alert144821,txn10044821,unusual_time,2023-06-07 16:21,TRUE,2023-06-09 21:21:11,Hotel contain hour on politics because.
alert122368,txn10022368,unusual_time,2025-07-28 07:36,TRUE,2025-07-31 04:36:50,Real her door.
alert105015,txn10005015,unusual_amount,2025-02-23 13:13,TRUE,2025-02-26 06:13:51,Interesting card toward mother.
alert166958,txn10066958,suspicious_login,2023-10-24 00:47,FALSE,,Possible own wide house even cost return.
alert185584,txn10085584,unusual_time,2025-02-21 06:13,TRUE,2025-02-21 20:13:38,List charge western citizen quality bank.
alert145000,txn10045000,unusual_amount,2025-06-30 11:18,TRUE,2025-07-02 21:18:57,Low feeling line edge.
alert129361,txn10029361,frequent_failure,2025-03-17 18:18,TRUE,2025-03-20 08:18:33,Record blood throw spend worry lay.
alert169224,txn10069224,frequent_failure,2024-05-06 17:24,TRUE,2024-05-08 18:24:07,Billion box quickly wear offer develop card.
alert123819,txn10023819,frequent_failure,2025-02-14 02:25,TRUE,2025-02-16 02:25:13,Southern direction east avoid give blue.
alert170031,txn10070031,unusual_amount,2025-05-01 06:31,TRUE,2025-05-02 13:31:20,Something hour hear see age manage only.
alert136120,txn10036120,unusual_time,2024-11-21 20:44,TRUE,2024-11-23 02:44:23,Lot create artist else deal tonight.
alert194765,txn10094765,frequent_failure,2025-02-13 15:12,TRUE,2025-02-13 20:12:48,Artist almost example before table concern and benefit.
alert186834,txn10086834,frequent_failure,2024-12-26 15:48,TRUE,2024-12-28 00:48:22,Inside list ten two number level federal social.
alert112181,txn10012181,unusual_time,2024-09-23 12:08,TRUE,2024-09-25 19:08:55,Line course increase information.
alert121636,txn10021636,suspicious_login,2025-06-13 08:03,TRUE,2025-06-16 02:03:43,Degree continue film while everybody local.
alert103786,txn10003786,unusual_time,2024-10-05 12:44,TRUE,2024-10-06 19:44:42,Against arm else.
alert175543,txn10075543,suspicious_login,2025-05-18 00:50,TRUE,2025-05-20 19:50:41,Mrs report hair dream thousand require time next.
alert159335,txn10059335,frequent_failure,2024-01-11 13:31,TRUE,2024-01-11 21:31:01,Part choice stay big they federal stop real.
alert136066,txn10036066,unusual_amount,2025-08-05 09:57,TRUE,2025-08-05 16:57:22,Field moment avoid lead natural.
alert125760,txn10025760,unusual_time,2025-07-29 09:03,TRUE,2025-07-30 18:03:14,Respond pass foot once various when.
alert140965,txn10040965,unusual_amount,2024-05-28 04:58,TRUE,2024-05-30 02:58:03,Usually clear decide represent bit.
alert144548,txn10044548,frequent_failure,2024-04-02 14:32,TRUE,2024-04-03 15:32:03,Play usually example risk force.
alert181279,txn10081279,suspicious_login,2025-06-18 10:06,TRUE,2025-06-21 01:06:44,Myself energy main civil image night against fear.
alert181600,txn10081600,suspicious_login,2025-05-14 16:16,TRUE,2025-05-15 14:16:11,Against west protect rule guy hour.
alert134562,txn10034562,unusual_amount,2022-08-02 00:17,TRUE,2022-08-02 21:17:37,Nation box admit term.
alert168941,txn10068941,suspicious_login,2022-11-18 11:35,TRUE,2022-11-19 06:35:27,Way onto use interview middle success.
alert159721,txn10059721,unusual_time,2025-04-02 03:39,TRUE,2025-04-03 19:39:58,Rest out job yard environment fire.
alert121718,txn10021718,unusual_amount,2024-04-20 07:56,TRUE,2024-04-20 20:56:15,Alone growth land whole.
alert120860,txn10020860,unusual_time,2025-07-09 11:40,TRUE,2025-07-09 12:40:39,Simply suffer human little from what contain.
alert192728,txn10092728,unusual_time,2024-10-31 10:58,TRUE,2024-11-02 20:58:33,Long more while responsibility should.
alert141628,txn10041628,suspicious_login,2025-07-21 13:06,FALSE,,Upon line nearly American.
alert169365,txn10069365,unusual_amount,2025-01-25 01:59,TRUE,2025-01-25 14:59:18,A choose side across determine color.
alert149283,txn10049283,suspicious_login,2025-03-11 10:48,TRUE,2025-03-14 03:48:35,Build pay necessary we weight indeed where.
alert138541,txn10038541,unusual_time,2024-10-07 07:47,TRUE,2024-10-08 12:47:23,Phone when rich paper others.
alert124820,txn10024820,unusual_time,2025-06-02 17:20,TRUE,2025-06-03 00:20:11,Imagine form at professor myself company.
alert157327,txn10057327,unusual_time,2025-04-23 00:26,TRUE,2025-04-25 23:26:12,All mission first training music fire authority.
alert197269,txn10097269,suspicious_login,2024-08-05 09:15,TRUE,2024-08-06 21:15:23,Adult you back prevent hard.
alert172937,txn10072937,suspicious_login,2025-08-03 11:48,TRUE,2025-08-04 06:48:47,Phone perhaps choice condition voice should peace.
alert174548,txn10074548,suspicious_login,2023-08-17 15:09,TRUE,2023-08-20 05:09:35,Truth onto floor we quite say.
alert184287,txn10084287,suspicious_login,2024-10-31 16:11,TRUE,2024-11-01 02:11:27,Friend team focus because effort agree.
alert109910,txn10009910,frequent_failure,2024-06-16 10:36,TRUE,2024-06-16 20:36:01,Them our reason national affect end.
alert117338,txn10017338,suspicious_login,2024-06-26 02:21,TRUE,2024-06-28 16:21:06,Explain capital catch create member.
alert161829,txn10061829,unusual_time,2025-07-12 04:34,TRUE,2025-07-14 06:34:07,Value cause agree kid spend here.
alert141971,txn10041971,suspicious_login,2023-03-27 09:34,TRUE,2023-03-29 09:34:38,Growth ever sort official something stay full.
alert156604,txn10056604,unusual_amount,2025-04-27 15:16,TRUE,2025-04-28 14:16:29,Loss range establish Democrat interview.
alert131729,txn10031729,frequent_failure,2025-02-25 11:35,TRUE,2025-02-28 07:35:19,Pattern thus pull become sense.
alert169948,txn10069948,frequent_failure,2025-07-04 14:45,TRUE,2025-07-06 11:45:58,Here media reveal civil help issue behavior.
alert168978,txn10068978,unusual_time,2024-01-28 05:29,TRUE,2024-01-28 18:29:58,Of these guy vote right floor style.
alert115979,txn10015979,unusual_time,2024-05-20 20:49,TRUE,2024-05-21 04:49:34,Unit or every since star seek garden let.
alert103281,txn10003281,unusual_time,2025-05-19 15:46,TRUE,2025-05-21 10:46:13,Call trial measure than thing language.
alert167736,txn10067736,suspicious_login,2025-08-02 22:00,TRUE,2025-08-03 00:00:36,Rock center country.
alert129316,txn10029316,suspicious_login,2024-11-22 15:11,TRUE,2024-11-24 18:11:01,Understand this make or require small art.
alert117529,txn10017529,unusual_time,2025-05-11 20:11,TRUE,2025-05-12 17:11:10,Across size north song career down.
alert160748,txn10060748,frequent_failure,2023-11-29 09:12,TRUE,2023-11-29 22:12:43,Stop spend strategy watch light enjoy.
alert155135,txn10055135,suspicious_login,2024-09-24 00:01,TRUE,2024-09-26 22:01:10,Including management commercial visit.
alert124419,txn10024419,suspicious_login,2024-12-28 09:02,FALSE,,Section group do body night.
alert164926,txn10064926,suspicious_login,2025-07-03 04:09,TRUE,2025-07-05 05:09:13,Environment her none lead today system.
alert136187,txn10036187,unusual_amount,2024-05-08 09:06,TRUE,2024-05-09 13:06:26,Left director goal election teacher size get.
alert108893,txn10008893,unusual_amount,2025-05-15 18:04,TRUE,2025-05-17 10:04:31,Garden current station recognize.
alert173477,txn10073477,unusual_time,2024-12-15 11:39,TRUE,2024-12-17 22:39:24,Physical himself five shoulder knowledge participant push.
alert111902,txn10011902,suspicious_login,2025-01-19 14:27,TRUE,2025-01-22 03:27:06,Itself eat attack again administration respond now.
alert183820,txn10083820,unusual_amount,2025-08-03 23:23,TRUE,2025-08-05 04:23:10,Create thus former establish line tough list.
alert113447,txn10013447,suspicious_login,2025-01-14 19:28,TRUE,2025-01-17 17:28:54,Billion discuss size movie phone onto.
alert180474,txn10080474,suspicious_login,2025-06-18 12:39,TRUE,2025-06-19 12:39:37,Report alone class experience set for challenge talk.
alert129085,txn10029085,unusual_time,2024-12-23 15:55,TRUE,2024-12-25 04:55:36,Maybe show matter former.
alert159031,txn10059031,suspicious_login,2023-03-28 01:03,TRUE,2023-03-30 07:03:31,Learn never would dog room pressure.
alert119424,txn10019424,unusual_amount,2023-12-29 05:57,TRUE,2023-12-30 02:57:28,Analysis standard day fall.
alert177682,txn10077682,unusual_time,2025-04-13 00:25,TRUE,2025-04-13 18:25:02,Consumer forward beyond interesting I land point.
alert110820,txn10010820,frequent_failure,2024-01-01 07:39,TRUE,2024-01-01 12:39:09,Through in anything tonight heart.
alert111508,txn10011508,frequent_failure,2025-05-10 21:48,TRUE,2025-05-13 04:48:26,Them suggest current last.
alert146921,txn10046921,suspicious_login,2024-10-05 23:55,TRUE,2024-10-07 23:55:59,Write light black.
alert102059,txn10002059,unusual_amount,2024-07-15 12:53,TRUE,2024-07-15 19:53:41,Particular resource find hundred summer.
alert104171,txn10004171,frequent_failure,2025-08-04 08:05,TRUE,2025-08-06 08:06:42,Key often matter.
alert137112,txn10037112,unusual_amount,2025-06-30 01:41,FALSE,,Author image tonight member artist change.
alert107931,txn10007931,suspicious_login,2024-10-11 00:15,TRUE,2024-10-12 09:15:21,Once letter church.
alert187209,txn10087209,unusual_time,2024-07-30 12:20,TRUE,2024-08-02 02:20:16,Pretty save interest.
alert161886,txn10061886,frequent_failure,2023-08-19 00:29,TRUE,2023-08-21 22:29:23,Gas again because story relate idea that.
alert187837,txn10087837,unusual_time,2024-10-12 02:39,FALSE,,Consider campaign top even great under.
alert155722,txn10055722,suspicious_login,2025-01-29 12:25,TRUE,2025-01-30 20:25:38,Note drive city particular.
alert149897,txn10049897,suspicious_login,2025-06-18 18:42,TRUE,2025-06-20 09:42:26,Spend still bed always almost consider speech.
alert145545,txn10045545,suspicious_login,2023-06-24 03:49,TRUE,2023-06-25 23:49:17,Be affect recent wish use.
alert117766,txn10017766,frequent_failure,2025-06-17 16:53,TRUE,2025-06-18 12:53:30,Become business them where.
alert185451,txn10085451,unusual_amount,2023-03-27 12:06,TRUE,2023-03-27 18:06:51,Change card boy edge.
alert151600,txn10051600,frequent_failure,2024-08-10 19:37,TRUE,2024-08-11 20:37:33,Wait listen it commercial more already book.
alert153736,txn10053736,unusual_time,2023-10-27 00:20,TRUE,2023-10-29 18:20:30,Yeah second campaign money watch age.
alert166751,txn10066751,unusual_time,2025-07-07 08:27,TRUE,2025-07-10 03:27:19,Painting if manage yard much.
alert118418,txn10018418,suspicious_login,2025-02-04 06:47,TRUE,2025-02-04 10:47:29,Any understand involve fight pick eight art list.
alert190296,txn10090296,frequent_failure,2025-07-10 12:33,TRUE,2025-07-11 04:33:44,Serve continue full add administration fine few.
alert165713,txn10065713,unusual_amount,2025-02-03 09:32,TRUE,2025-02-05 18:32:20,Hope my fear anything college.
alert125352,txn10025352,unusual_time,2025-01-24 01:47,FALSE,,Deal policy phone budget huge family almost.
alert103474,txn10003474,unusual_time,2025-01-27 09:28,TRUE,2025-01-27 19:28:22,Certainly she then itself including media five worker.
alert188701,txn10088701,unusual_time,2024-07-26 19:24,TRUE,2024-07-28 21:24:04,Goal member provide save investment benefit.
alert159515,txn10059515,unusual_amount,2024-12-01 19:17,TRUE,2024-12-02 05:17:05,Guess office growth.
alert155888,txn10055888,unusual_time,2025-04-01 08:44,TRUE,2025-04-03 22:44:19,Trip western list quickly bag continue campaign often.
alert158088,txn10058088,frequent_failure,2022-07-27 13:00,TRUE,2022-07-28 01:00:58,Any foreign national.
alert154976,txn10054976,unusual_amount,2025-08-03 02:15,TRUE,2025-08-04 19:15:22,Field their on hold friend yourself deep.
alert109086,txn10009086,unusual_time,2024-01-28 15:19,TRUE,2024-01-31 07:19:10,Avoid politics check chair trip.
alert123177,txn10023177,suspicious_login,2025-07-20 01:36,TRUE,2025-07-22 22:36:18,Lawyer either feeling owner cover from.
alert190855,txn10090855,suspicious_login,2025-07-09 12:46,TRUE,2025-07-10 21:46:41,East measure toward finally well action.
alert119441,txn10019441,unusual_amount,2025-07-28 11:17,TRUE,2025-07-29 15:17:49,Something image nation suggest general people.
alert161010,txn10061010,unusual_time,2024-05-05 21:09,TRUE,2024-05-08 16:09:05,Story special table.
alert190308,txn10090308,suspicious_login,2025-03-17 16:00,TRUE,2025-03-18 16:00:42,Ask enjoy so difference.
alert153724,txn10053724,suspicious_login,2025-07-07 20:03,TRUE,2025-07-08 19:03:48,Season executive cup enjoy feeling develop them.
alert163532,txn10063532,unusual_amount,2025-07-28 11:46,TRUE,2025-07-28 16:46:57,Event expect somebody eat.
alert148068,txn10048068,unusual_time,2025-03-08 21:33,TRUE,2025-03-10 07:33:32,Yard smile machine thought evidence capital wrong.
alert117329,txn10017329,suspicious_login,2025-06-16 14:45,TRUE,2025-06-19 13:45:04,Form light every among financial.
alert103780,txn10003780,unusual_amount,2025-06-05 10:03,TRUE,2025-06-05 17:03:15,For leave least point finally many.
alert116693,txn10016693,unusual_time,2024-02-06 02:38,TRUE,2024-02-06 15:38:23,Part consumer relationship camera light.
alert178180,txn10078180,frequent_failure,2024-08-03 06:52,TRUE,2024-08-04 21:52:49,Pm drive word significant.
alert154453,txn10054453,unusual_time,2025-06-27 04:58,TRUE,2025-06-27 16:58:39,Can accept glass.
alert169675,txn10069675,suspicious_login,2025-03-19 05:00,TRUE,2025-03-22 01:00:17,Indicate example important ahead.
alert156597,txn10056597,unusual_time,2025-07-25 10:51,TRUE,2025-07-26 18:51:45,Who somebody professional leader.
alert106868,txn10006868,frequent_failure,2024-09-30 16:59,TRUE,2024-10-02 18:59:16,Stay capital determine better force beautiful draw.
alert105353,txn10005353,unusual_amount,2025-06-09 12:03,TRUE,2025-06-09 17:03:06,Product turn budget.
alert100570,txn10000570,unusual_amount,2024-12-01 09:03,TRUE,2024-12-02 13:03:31,Seek relate activity.
alert196078,txn10096078,unusual_amount,2024-04-16 05:59,TRUE,2024-04-19 03:59:27,Not company give above available cup cell.
alert127285,txn10027285,unusual_amount,2025-02-24 22:57,TRUE,2025-02-25 20:57:35,Sense maintain agree eye stop.
alert175424,txn10075424,unusual_time,2025-06-09 12:45,TRUE,2025-06-10 11:45:55,Time thought offer along.
alert100574,txn10000574,unusual_time,2025-07-06 07:13,FALSE,,Worry political your industry machine.
alert145788,txn10045788,frequent_failure,2021-12-27 08:59,TRUE,2021-12-29 02:59:55,Media ability knowledge music reduce without discover.
alert158280,txn10058280,frequent_failure,2025-07-31 20:12,TRUE,2025-08-02 09:12:35,Theory rule increase.
alert131879,txn10031879,frequent_failure,2025-06-18 03:08,TRUE,2025-06-20 09:08:51,Once behind similar try professor.
alert150081,txn10050081,suspicious_login,2025-07-25 02:00,TRUE,2025-07-27 16:00:29,Possible claim have hard.
alert141376,txn10041376,suspicious_login,2025-03-17 02:25,TRUE,2025-03-18 12:25:52,Eye worry level carry.
alert138030,txn10038030,frequent_failure,2025-07-23 22:29,TRUE,2025-07-26 21:29:04,Idea white eight course radio thus population.
alert155255,txn10055255,suspicious_login,2024-12-08 21:08,TRUE,2024-12-09 16:08:33,Today role when area next.
alert185298,txn10085298,unusual_amount,2025-06-01 16:27,TRUE,2025-06-03 20:27:10,Never fast job top.
alert103363,txn10003363,unusual_amount,2023-12-30 21:38,TRUE,2024-01-01 09:38:43,Situation adult himself security federal face speech station.
alert113997,txn10013997,unusual_time,2025-05-09 03:35,TRUE,2025-05-11 04:35:23,City risk want black up.
alert160776,txn10060776,unusual_amount,2025-07-01 11:14,TRUE,2025-07-03 17:14:22,Small respond usually south doctor everyone.
alert177181,txn10077181,frequent_failure,2025-06-29 05:17,TRUE,2025-07-01 12:17:42,Star decide begin three.
alert130916,txn10030916,unusual_amount,2025-06-07 23:03,TRUE,2025-06-08 21:03:37,Forget manager wait including special part worry.
alert150237,txn10050237,suspicious_login,2025-08-02 04:45,TRUE,2025-08-02 06:45:46,Beautiful home stand moment campaign action west.
alert117988,txn10017988,unusual_amount,2021-11-22 23:27,TRUE,2021-11-24 17:27:58,Hundred get face four paper cut summer.
alert190695,txn10090695,frequent_failure,2025-04-02 23:07,TRUE,2025-04-03 11:07:41,Discover friend individual term health contain.
alert151213,txn10051213,suspicious_login,2023-09-10 04:08,TRUE,2023-09-11 14:08:55,Since gas million factor good remain.
alert178634,txn10078634,unusual_amount,2024-09-20 07:40,TRUE,2024-09-20 13:40:58,Mission view some leg record.
alert106665,txn10006665,unusual_time,2024-06-05 14:52,TRUE,2024-06-06 05:52:14,Pay stock writer customer interview president pretty.
alert191273,txn10091273,unusual_amount,2025-07-28 04:12,FALSE,,Science region physical civil stock feeling.
alert120332,txn10020332,unusual_amount,2025-07-26 14:10,TRUE,2025-07-28 09:10:44,Right research local difficult.
alert134388,txn10034388,unusual_amount,2025-07-30 19:43,TRUE,2025-07-31 05:43:11,Teacher could situation sound.
alert199077,txn10099077,suspicious_login,2023-09-12 10:43,TRUE,2023-09-12 13:43:33,Year heavy mission force spring establish.
alert174805,txn10074805,unusual_time,2024-09-03 16:07,TRUE,2024-09-05 05:07:17,Deep just candidate reflect old.
alert123213,txn10023213,unusual_amount,2025-04-27 03:10,TRUE,2025-04-28 08:10:25,Support little collection east.
alert107161,txn10007161,unusual_time,2024-01-30 12:39,TRUE,2024-01-31 03:39:01,Around name case themselves from old ready.
alert176905,txn10076905,frequent_failure,2024-04-10 21:32,TRUE,2024-04-11 10:32:56,Dark too billion.
alert109270,txn10009270,frequent_failure,2025-06-07 23:55,FALSE,,Foot thus thousand air vote civil stage.
alert186446,txn10086446,unusual_amount,2023-06-15 16:14,TRUE,2023-06-18 08:14:30,With wonder couple sometimes treatment best.
alert123712,txn10023712,suspicious_login,2025-06-20 06:39,TRUE,2025-06-20 14:39:34,Reach throughout interesting official rather ahead to.
alert178582,txn10078582,unusual_amount,2024-03-16 16:47,FALSE,,Reflect lose hotel.
alert168979,txn10068979,unusual_amount,2024-12-21 07:40,TRUE,2024-12-23 16:40:57,Each radio gun tax would population get.
alert116054,txn10016054,unusual_time,2025-03-12 06:20,TRUE,2025-03-15 00:20:25,Career me practice finish.
alert184634,txn10084634,frequent_failure,2025-06-06 06:40,TRUE,2025-06-07 13:40:44,Charge form possible probably.
alert137456,txn10037456,unusual_amount,2025-07-29 14:22,TRUE,2025-07-31 02:22:37,Way another end force since he however cold.
alert197705,txn10097705,unusual_amount,2025-08-01 18:15,FALSE,,Chance recent street poor language.
alert121416,txn10021416,unusual_time,2025-06-03 15:35,TRUE,2025-06-05 12:35:14,Individual when finish ready across no investment.
alert197167,txn10097167,unusual_time,2024-10-06 04:15,TRUE,2024-10-08 06:15:50,Crime similar hold knowledge who.
alert164082,txn10064082,unusual_amount,2024-09-26 09:13,TRUE,2024-09-27 15:13:59,Or budget act soon church war parent begin.
alert169127,txn10069127,unusual_time,2025-04-29 18:22,TRUE,2025-04-29 20:22:54,Economy build improve serve half responsibility go power.
alert110136,txn10010136,unusual_time,2023-03-22 08:54,TRUE,2023-03-24 01:54:27,Interesting rule agency while west white discuss.
alert111624,txn10011624,frequent_failure,2025-08-06 04:03,FALSE,,Recent task bill radio member behavior.
alert149758,txn10049758,unusual_time,2024-12-24 04:45,TRUE,2024-12-25 12:45:07,Must window truth.
alert117205,txn10017205,unusual_time,2022-09-13 12:36,TRUE,2022-09-13 15:36:07,Fine suddenly win always.
alert148115,txn10048115,frequent_failure,2023-01-08 10:43,TRUE,2023-01-10 08:43:55,Back fight form tough relationship particularly.
alert185557,txn10085557,suspicious_login,2025-06-13 07:07,TRUE,2025-06-14 14:07:06,Born stand moment.
alert157567,txn10057567,suspicious_login,2025-04-28 18:13,TRUE,2025-04-29 01:13:29,Might power mouth station know.
alert186009,txn10086009,unusual_amount,2025-08-05 07:31,TRUE,2025-08-06 08:06:42,Physical matter certainly stage.
alert122657,txn10022657,unusual_amount,2025-07-29 13:45,TRUE,2025-07-29 19:45:07,Court smile politics environmental wear.
alert115027,txn10015027,suspicious_login,2024-01-04 08:23,TRUE,2024-01-05 15:23:55,List not office amount later war maybe.
alert194128,txn10094128,unusual_amount,2025-07-08 03:07,TRUE,2025-07-10 02:07:45,General property model rule hour detail.
alert122732,txn10022732,unusual_amount,2025-03-06 15:15,TRUE,2025-03-08 11:15:20,Begin foot wind determine rise recognize five.
alert147013,txn10047013,suspicious_login,2021-11-13 07:07,TRUE,2021-11-13 08:07:09,Image senior feeling compare box.
alert181749,txn10081749,suspicious_login,2024-02-08 00:47,TRUE,2024-02-10 15:47:02,If mean same new region full certain.
alert165157,txn10065157,suspicious_login,2025-04-28 13:40,TRUE,2025-04-30 09:40:26,I because certain during what.
alert123250,txn10023250,frequent_failure,2025-05-18 06:01,TRUE,2025-05-19 10:01:09,Economy hundred sister public.
alert153182,txn10053182,unusual_amount,2025-05-20 11:51,TRUE,2025-05-20 16:51:35,Test many standard fact dark.
alert122843,txn10022843,frequent_failure,2024-07-30 14:47,TRUE,2024-07-30 19:47:33,Family thing eye exactly issue low any.
alert100427,txn10000427,frequent_failure,2025-04-26 07:27,TRUE,2025-04-27 20:27:19,Answer effort least.
alert142171,txn10042171,unusual_time,2025-06-19 03:45,FALSE,,National then despite wide.
alert116409,txn10016409,unusual_time,2025-05-27 13:17,TRUE,2025-05-28 00:17:09,Whatever just tend state.
alert155768,txn10055768,unusual_amount,2025-08-06 02:36,TRUE,2025-08-06 08:06:42,Together phone until economic always political middle.
alert181323,txn10081323,unusual_time,2025-06-06 02:06,TRUE,2025-06-08 01:06:42,Myself director quickly season day yes.
alert172404,txn10072404,frequent_failure,2025-04-22 05:40,TRUE,2025-04-23 01:40:32,Nation organization standard up father care site war.
alert144678,txn10044678,unusual_amount,2025-07-12 21:27,TRUE,2025-07-14 04:27:25,Box amount budget democratic like.
alert100737,txn10000737,unusual_time,2025-02-10 00:19,TRUE,2025-02-12 05:19:04,Structure common like director.
alert134919,txn10034919,unusual_time,2025-02-18 20:42,TRUE,2025-02-18 22:42:04,Project risk vote who.
alert118858,txn10018858,frequent_failure,2025-07-31 05:14,TRUE,2025-08-01 07:14:52,Continue protect forward.
alert126114,txn10026114,suspicious_login,2025-04-24 00:27,TRUE,2025-04-24 12:27:57,That city third size.
alert184839,txn10084839,unusual_amount,2025-03-08 16:40,TRUE,2025-03-11 06:40:06,Important situation back produce share member.
alert165181,txn10065181,unusual_time,2025-06-06 04:23,FALSE,,Must as model.
alert175996,txn10075996,frequent_failure,2025-05-09 09:06,TRUE,2025-05-10 18:06:47,Outside coach write.
alert130393,txn10030393,unusual_amount,2025-08-02 09:06,TRUE,2025-08-05 02:06:07,Respond find determine state energy choice forward.
alert142180,txn10042180,unusual_time,2025-03-09 11:42,FALSE,,Increase deep bed recognize sound society fish.
alert116186,txn10016186,unusual_amount,2025-06-09 08:31,TRUE,2025-06-12 08:31:29,Behavior world rich care.
alert159001,txn10059001,suspicious_login,2025-03-08 16:19,TRUE,2025-03-09 04:19:58,Sea by indicate another.
alert191206,txn10091206,unusual_time,2024-04-03 03:20,TRUE,2024-04-03 18:20:40,Work what take here work.
alert150106,txn10050106,suspicious_login,2025-07-14 01:09,TRUE,2025-07-15 12:09:17,Myself network score race near live however.
alert196646,txn10096646,suspicious_login,2025-07-13 21:12,FALSE,,Beat sense produce station leader national space human.
alert177464,txn10077464,unusual_time,2025-01-18 18:47,FALSE,,Safe father side teacher.
alert196588,txn10096588,frequent_failure,2024-12-16 06:35,TRUE,2024-12-17 16:35:35,Possible special just.
alert127859,txn10027859,frequent_failure,2024-08-08 19:58,TRUE,2024-08-10 09:58:00,Sound dream walk institution particularly.
alert141594,txn10041594,suspicious_login,2025-08-05 05:02,TRUE,2025-08-05 23:02:24,Meet share many carry.
alert122586,txn10022586,unusual_amount,2024-05-22 11:36,FALSE,,Blood official him yet let fly fire.
alert115347,txn10015347,unusual_amount,2025-06-29 06:21,FALSE,,Generation last Mr available draw.
alert103720,txn10003720,suspicious_login,2024-11-22 08:09,TRUE,2024-11-23 18:09:45,Remain second something bit.
alert112606,txn10012606,frequent_failure,2024-03-18 10:34,TRUE,2024-03-20 12:34:11,Laugh garden more thousand important myself.
alert166287,txn10066287,frequent_failure,2025-08-05 05:55,TRUE,2025-08-06 08:06:42,Power watch audience very realize knowledge benefit alone.
alert100067,txn10000067,suspicious_login,2025-02-20 19:40,TRUE,2025-02-22 01:40:33,Hard direction none team.
alert175949,txn10075949,frequent_failure,2022-12-11 21:23,TRUE,2022-12-13 15:23:05,Customer officer amount newspaper program read will themselves.
alert198235,txn10098235,unusual_amount,2025-04-08 19:06,TRUE,2025-04-10 13:06:26,Thought become manager develop ok.
alert165754,txn10065754,unusual_time,2025-06-26 07:26,FALSE,,Mother new call along more drug out within.
alert184946,txn10084946,suspicious_login,2025-07-09 12:37,TRUE,2025-07-12 02:37:26,Successful water money ten girl dark.
alert146554,txn10046554,unusual_amount,2025-06-26 18:50,TRUE,2025-06-27 15:50:34,Act water age scientist commercial drive.
alert174103,txn10074103,unusual_time,2025-08-01 00:24,TRUE,2025-08-01 22:24:38,Must environment apply international however learn.
alert123554,txn10023554,frequent_failure,2024-07-16 11:45,FALSE,,Sing discussion always avoid though.
alert169105,txn10069105,unusual_time,2025-04-21 13:35,TRUE,2025-04-23 16:35:29,Television sea finally scene daughter blood responsibility.
alert145498,txn10045498,suspicious_login,2025-05-05 12:44,TRUE,2025-05-05 13:44:16,Tonight create bad support.
alert106335,txn10006335,unusual_time,2025-07-18 00:12,TRUE,2025-07-18 23:12:43,Result agreement maybe model sister able.
alert181183,txn10081183,unusual_amount,2025-05-15 13:10,TRUE,2025-05-18 03:10:11,Owner live this visit book manager.
alert181739,txn10081739,frequent_failure,2022-09-21 20:31,TRUE,2022-09-23 06:31:04,Sell after bit.
alert150912,txn10050912,unusual_amount,2025-04-27 03:53,FALSE,,Experience improve pick less.
alert123023,txn10023023,unusual_time,2024-12-03 17:03,TRUE,2024-12-04 07:03:52,Size despite hotel society enter crime affect family.
alert175213,txn10075213,unusual_amount,2022-06-12 19:44,TRUE,2022-06-15 05:44:35,Level significant agreement work author eat step.
alert174256,txn10074256,unusual_time,2024-11-04 12:53,TRUE,2024-11-04 15:53:00,Western impact smile second play might become.
alert122083,txn10022083,suspicious_login,2025-06-17 19:47,FALSE,,Set health force memory discussion live too.
alert151198,txn10051198,unusual_time,2025-06-04 07:46,TRUE,2025-06-04 15:46:24,Knowledge project type kind high debate.
alert138509,txn10038509,frequent_failure,2024-12-06 06:03,TRUE,2024-12-07 23:03:03,Leg side bag society something country upon.
alert130440,txn10030440,unusual_amount,2024-04-16 07:05,TRUE,2024-04-18 08:05:23,Tax business them leave not.
alert128543,txn10028543,unusual_amount,2025-08-03 03:33,TRUE,2025-08-04 14:33:44,Involve him wrong wait large likely especially big.
alert172063,txn10072063,frequent_failure,2025-06-24 11:16,TRUE,2025-06-25 13:16:05,Use front push arrive environment.
alert195746,txn10095746,frequent_failure,2024-07-26 02:12,TRUE,2024-07-27 22:12:47,Organization talk action business fight plan such bank.
alert153511,txn10053511,frequent_failure,2025-07-27 14:14,TRUE,2025-07-28 08:14:56,American people thank fire will seven.
alert154139,txn10054139,suspicious_login,2024-05-24 12:44,TRUE,2024-05-25 20:44:51,Blue time very right.
alert104165,txn10004165,suspicious_login,2025-06-15 05:52,TRUE,2025-06-17 06:52:46,Head fear main include.
alert178322,txn10078322,frequent_failure,2024-05-03 04:14,FALSE,,Real know expect institution.
alert179455,txn10079455,unusual_time,2024-05-03 11:11,FALSE,,Important develop someone result audience trade theory eight.
alert158011,txn10058011,suspicious_login,2023-11-28 13:59,TRUE,2023-11-30 02:59:31,Rather choice guess laugh.
alert137495,txn10037495,unusual_amount,2025-07-24 00:45,TRUE,2025-07-26 18:45:06,Age purpose expert wonder house ahead send.
alert167774,txn10067774,frequent_failure,2023-12-20 00:59,TRUE,2023-12-23 00:59:40,Give begin response one wife trouble successful.
alert107726,txn10007726,unusual_time,2024-07-18 09:51,TRUE,2024-07-19 07:51:37,Writer health risk start foot serious.
alert185598,txn10085598,unusual_time,2025-02-25 19:31,TRUE,2025-02-28 13:31:04,Morning smile door.
alert158360,txn10058360,suspicious_login,2025-06-09 06:29,TRUE,2025-06-10 15:29:15,Final what nearly wife first and range.
alert118885,txn10018885,frequent_failure,2025-08-05 03:22,TRUE,2025-08-06 02:22:22,Address field go shake amount throughout old.
alert136496,txn10036496,unusual_time,2025-06-15 21:46,TRUE,2025-06-17 07:46:51,Low will water her ever official.
alert108605,txn10008605,unusual_amount,2025-08-01 21:01,TRUE,2025-08-04 15:01:09,Produce ground energy world be talk.
alert182621,txn10082621,frequent_failure,2025-07-06 13:03,TRUE,2025-07-07 17:03:01,Only upon near look meet road safe.
alert126659,txn10026659,unusual_time,2025-07-24 19:59,TRUE,2025-07-24 21:59:12,Education though skill be price.
alert160110,txn10060110,unusual_amount,2024-07-25 15:24,TRUE,2024-07-26 13:24:07,Mother Congress if continue choice behind.
alert137926,txn10037926,unusual_amount,2025-06-22 02:45,TRUE,2025-06-24 18:45:39,International resource up view herself fall of.
alert136658,txn10036658,unusual_time,2025-01-08 17:41,TRUE,2025-01-09 21:41:34,Boy create none.
alert174274,txn10074274,frequent_failure,2024-12-01 03:21,TRUE,2024-12-03 14:21:49,Despite however civil speak life.
alert167859,txn10067859,suspicious_login,2023-09-26 22:26,TRUE,2023-09-27 14:26:25,Determine until claim affect keep.
alert167861,txn10067861,unusual_amount,2023-12-13 06:42,TRUE,2023-12-16 03:42:31,Generation recently method or turn against lot.
alert118230,txn10018230,unusual_time,2025-07-31 18:36,TRUE,2025-08-01 14:36:44,Mention sit thought full explain.
alert157286,txn10057286,unusual_amount,2025-07-12 18:37,FALSE,,Practice glass nation sign thus ten positive make.
alert135728,txn10035728,suspicious_login,2024-12-27 10:18,FALSE,,Industry herself order Congress individual property better mother.
alert146752,txn10046752,suspicious_login,2024-03-09 10:57,TRUE,2024-03-10 08:57:40,Hundred project goal bag community natural.
alert199648,txn10099648,unusual_amount,2024-11-02 19:33,TRUE,2024-11-03 17:33:00,By lead compare feeling father.
alert153399,txn10053399,unusual_time,2025-06-04 03:50,TRUE,2025-06-06 10:50:20,Cost production range lead forget quality.
alert192899,txn10092899,unusual_time,2025-07-27 21:28,TRUE,2025-07-28 16:28:51,Anyone cost best hour already list.
alert170493,txn10070493,unusual_time,2025-07-31 08:42,TRUE,2025-07-31 10:42:19,Feeling hair health trade her them far always.
alert133899,txn10033899,frequent_failure,2025-07-02 20:23,TRUE,2025-07-04 02:23:57,Interest a every modern.
alert101915,txn10001915,frequent_failure,2025-05-04 00:26,TRUE,2025-05-06 00:26:56,Operation hour box plant.
alert111690,txn10011690,suspicious_login,2024-12-10 21:01,TRUE,2024-12-12 10:01:33,Management hundred its.
alert106676,txn10006676,unusual_amount,2024-02-29 04:10,TRUE,2024-03-02 17:10:03,Risk rock always last get pattern.
alert117478,txn10017478,frequent_failure,2025-05-17 11:05,TRUE,2025-05-20 09:05:48,Reveal program as check.
alert108151,txn10008151,unusual_amount,2025-04-08 21:43,TRUE,2025-04-10 20:43:41,Most what child want.
alert171881,txn10071881,unusual_amount,2025-05-04 03:39,FALSE,,Successful center such stand door religious.
alert124415,txn10024415,unusual_time,2025-04-22 01:40,TRUE,2025-04-24 07:40:50,Ability against member purpose.
alert123182,txn10023182,suspicious_login,2025-06-27 11:02,TRUE,2025-06-30 06:02:36,Plan hard claim moment surface.
alert195374,txn10095374,frequent_failure,2025-07-28 05:09,FALSE,,Green window development worker himself computer.
alert167446,txn10067446,suspicious_login,2025-07-15 06:46,TRUE,2025-07-17 22:46:38,Easy bit green loss number his social.
alert187889,txn10087889,suspicious_login,2025-06-29 23:58,TRUE,2025-07-01 00:58:59,Fish a wonder apply computer.
alert163553,txn10063553,unusual_time,2024-05-27 18:25,TRUE,2024-05-28 06:25:05,Down although member if property.
alert104353,txn10004353,suspicious_login,2025-06-03 22:19,TRUE,2025-06-05 02:19:44,Use reveal senior start way star either Republican.
alert163657,txn10063657,frequent_failure,2025-07-31 14:45,TRUE,2025-08-02 06:45:40,Senior country spring drug experience pull moment suggest.
alert104935,txn10004935,unusual_amount,2025-04-11 15:45,FALSE,,None me professional soon unit.
alert152936,txn10052936,frequent_failure,2025-02-21 00:58,TRUE,2025-02-22 10:58:49,Get start if arrive compare hundred before.
alert150453,txn10050453,unusual_amount,2025-04-10 08:55,FALSE,,Suffer mission per goal.
alert177226,txn10077226,unusual_time,2025-04-24 19:21,TRUE,2025-04-26 21:21:15,Often again traditional because.
alert167448,txn10067448,suspicious_login,2021-04-30 23:33,FALSE,,Statement often later important every wind.
alert122376,txn10022376,suspicious_login,2024-03-18 01:24,TRUE,2024-03-19 07:24:56,Card rock sound model team.
alert127701,txn10027701,frequent_failure,2025-06-26 09:04,TRUE,2025-06-27 11:04:29,Deep film market show win already.
alert160474,txn10060474,frequent_failure,2023-11-22 23:22,FALSE,,Drug draw city picture.
alert110772,txn10010772,unusual_amount,2024-04-26 02:11,TRUE,2024-04-28 15:11:03,He yet another level.
alert108807,txn10008807,unusual_time,2025-03-28 15:45,TRUE,2025-03-30 12:45:25,Own act beautiful hope spring she body listen.
alert121525,txn10021525,frequent_failure,2025-07-20 09:59,TRUE,2025-07-23 00:59:09,Executive base occur ask trip memory.
alert128504,txn10028504,suspicious_login,2022-01-16 12:22,TRUE,2022-01-17 05:22:54,During left speech family.
alert177316,txn10077316,unusual_amount,2024-05-09 10:38,TRUE,2024-05-09 14:38:31,Other quality know mouth.
alert136930,txn10036930,frequent_failure,2025-07-14 23:36,TRUE,2025-07-17 18:36:43,Reduce sign money the significant.
alert163012,txn10063012,suspicious_login,2025-02-17 09:00,TRUE,2025-02-18 00:00:02,Indicate analysis member throughout.
alert123743,txn10023743,unusual_time,2024-11-21 06:11,TRUE,2024-11-23 06:11:57,Fund hear something them consider movement them.
alert172887,txn10072887,suspicious_login,2024-12-02 03:23,TRUE,2024-12-05 03:23:53,Of pass goal fill bill.
alert176940,txn10076940,frequent_failure,2023-08-02 23:51,TRUE,2023-08-04 19:51:27,Friend page agent improve.
alert121706,txn10021706,suspicious_login,2024-02-09 11:19,TRUE,2024-02-12 10:19:41,Lead tonight dream become fall leave.
alert138744,txn10038744,unusual_amount,2025-03-27 00:59,TRUE,2025-03-27 10:59:08,Police could recognize yard discussion value near.
alert127556,txn10027556,suspicious_login,2022-11-01 22:24,TRUE,2022-11-04 22:24:32,Music break continue present class rock organization man.
alert142594,txn10042594,unusual_time,2022-04-01 15:46,TRUE,2022-04-03 21:46:44,Would research program play trouble size.
alert153793,txn10053793,frequent_failure,2023-07-28 05:21,FALSE,,Growth suffer science enough short network.
alert188357,txn10088357,suspicious_login,2025-06-21 02:08,FALSE,,White thought expert arm.
alert138861,txn10038861,unusual_time,2024-09-24 10:03,TRUE,2024-09-27 05:03:34,Leg similar heart candidate value wait partner.
alert171487,txn10071487,unusual_time,2024-10-02 10:32,TRUE,2024-10-05 05:32:49,Actually level discuss with.
alert194215,txn10094215,suspicious_login,2024-08-06 23:15,TRUE,2024-08-09 04:15:53,Positive laugh thank institution him summer staff.
alert195089,txn10095089,unusual_amount,2025-08-01 14:18,TRUE,2025-08-02 18:18:35,Whole sport production tree short voice trip.
alert149956,txn10049956,frequent_failure,2025-03-02 18:21,TRUE,2025-03-04 19:21:20,Late sea on me meet event.
alert162615,txn10062615,frequent_failure,2025-07-22 13:19,TRUE,2025-07-22 15:19:55,Like her pattern cultural air least subject.
alert171403,txn10071403,frequent_failure,2025-02-24 09:59,TRUE,2025-02-26 09:59:59,Friend memory base officer throughout.
alert134082,txn10034082,frequent_failure,2024-10-29 04:55,TRUE,2024-10-31 22:55:01,Occur since parent talk itself.
alert195051,txn10095051,frequent_failure,2024-12-21 01:36,TRUE,2024-12-21 04:36:42,Meeting close billion why quality.
alert134591,txn10034591,unusual_amount,2024-10-08 19:11,TRUE,2024-10-10 04:11:34,Town husband carry course local face.
alert165902,txn10065902,unusual_amount,2025-02-28 23:58,FALSE,,Specific school so miss clear.
alert182464,txn10082464,unusual_time,2025-07-05 18:44,TRUE,2025-07-08 14:44:48,Clear visit cold decide send.
alert140922,txn10040922,unusual_time,2024-09-19 19:24,TRUE,2024-09-20 21:24:41,Get hair family bar past evening throw manage.
alert137398,txn10037398,unusual_amount,2023-07-17 02:54,TRUE,2023-07-19 06:54:12,Fear until seat.
alert106469,txn10006469,unusual_amount,2025-08-03 13:19,TRUE,2025-08-03 23:19:00,Same when suddenly seat perform marriage.
alert135107,txn10035107,frequent_failure,2025-03-05 06:29,TRUE,2025-03-06 21:29:42,Bar option activity talk film.
alert143782,txn10043782,unusual_time,2025-07-22 05:01,TRUE,2025-07-23 20:01:56,Consumer finally along wall politics drop.
alert189349,txn10089349,frequent_failure,2025-07-31 04:29,TRUE,2025-07-31 08:29:30,Child every strategy lawyer probably three.
alert151386,txn10051386,frequent_failure,2024-09-17 00:59,TRUE,2024-09-17 05:59:15,Suddenly study continue time development.
alert193795,txn10093795,suspicious_login,2025-02-23 10:33,TRUE,2025-02-25 01:33:54,Thus approach establish heart reason fast.
alert129207,txn10029207,frequent_failure,2024-05-24 03:43,TRUE,2024-05-26 22:43:23,Gun join subject major million wall PM.
alert142726,txn10042726,suspicious_login,2025-02-10 21:43,TRUE,2025-02-13 19:43:37,Direction hour seek wait finally west employee.
alert168129,txn10068129,frequent_failure,2025-08-05 17:29,TRUE,2025-08-06 08:06:42,Bank decision position concern according herself.
alert102108,txn10002108,unusual_time,2024-12-05 15:55,TRUE,2024-12-07 21:55:58,Whatever color technology.
alert101888,txn10001888,frequent_failure,2024-12-28 12:56,TRUE,2024-12-28 14:56:39,Product surface enter chance son yet water.
alert168989,txn10068989,frequent_failure,2025-08-03 23:13,TRUE,2025-08-06 08:06:42,Give past interesting billion.
alert105580,txn10005580,frequent_failure,2025-07-07 02:44,TRUE,2025-07-09 07:44:27,Tonight yes house name sound will long.
alert101336,txn10001336,unusual_time,2024-02-25 15:01,TRUE,2024-02-28 11:01:25,Politics consumer once wrong might threat.
alert135806,txn10035806,suspicious_login,2025-07-26 23:39,TRUE,2025-07-29 11:39:37,Sometimes season consider finish need player.
alert103570,txn10003570,frequent_failure,2025-06-12 05:43,TRUE,2025-06-15 04:43:54,See make necessary long.
alert188901,txn10088901,suspicious_login,2025-07-26 05:01,FALSE,,Travel course power collection develop sign organization.
alert155305,txn10055305,unusual_time,2024-08-13 13:44,TRUE,2024-08-14 20:44:11,Win thing here.
alert186976,txn10086976,suspicious_login,2024-08-12 03:15,TRUE,2024-08-12 17:15:03,Night control mention somebody yes.
alert155885,txn10055885,unusual_amount,2025-07-30 12:09,TRUE,2025-08-02 03:09:15,Situation stay tell example memory social high.
alert194757,txn10094757,frequent_failure,2025-07-27 17:13,TRUE,2025-07-29 10:13:09,Cause throw realize brother explain.
alert174239,txn10074239,frequent_failure,2025-07-23 12:06,TRUE,2025-07-25 05:06:17,Five song country analysis somebody.
alert158043,txn10058043,unusual_time,2025-07-05 13:31,FALSE,,Standard share design.
alert154470,txn10054470,suspicious_login,2025-07-15 18:34,TRUE,2025-07-17 22:34:43,Picture ten here wrong approach arrive.
alert195375,txn10095375,unusual_time,2025-08-04 10:41,TRUE,2025-08-06 08:06:42,Suggest teacher of ask.
alert187321,txn10087321,suspicious_login,2025-05-25 10:11,TRUE,2025-05-27 15:11:09,Feeling these how four represent.
alert156723,txn10056723,unusual_time,2025-08-05 18:55,TRUE,2025-08-06 04:55:04,Avoid throw water around address.
alert112997,txn10012997,frequent_failure,2025-08-06 00:12,TRUE,2025-08-06 08:06:42,Social recently side allow off when.
alert164626,txn10064626,frequent_failure,2024-06-24 08:45,TRUE,2024-06-25 03:45:57,Seek event position dog.
alert150196,txn10050196,suspicious_login,2023-09-02 00:07,TRUE,2023-09-03 17:07:33,Find successful fast easy.
alert156000,txn10056000,frequent_failure,2025-03-06 05:28,TRUE,2025-03-06 08:28:06,Sport situation fast year media occur thing.
alert152860,txn10052860,unusual_amount,2024-12-10 05:22,TRUE,2024-12-10 23:22:24,Painting difficult start unit half defense return.
alert124857,txn10024857,unusual_amount,2025-07-13 19:11,TRUE,2025-07-16 01:11:08,Husband vote statement even create ahead.
alert113594,txn10013594,unusual_time,2024-01-02 07:17,TRUE,2024-01-03 10:17:15,Place high direction significant.
alert140554,txn10040554,unusual_amount,2025-07-07 06:53,TRUE,2025-07-10 04:53:32,Reduce several local participant court wonder account often.
alert117043,txn10017043,suspicious_login,2025-07-18 20:28,TRUE,2025-07-20 15:28:53,Choose young keep develop know treat.
alert173687,txn10073687,suspicious_login,2023-09-21 21:07,FALSE,,Benefit analysis agency necessary.
alert147155,txn10047155,unusual_amount,2024-04-28 12:21,TRUE,2024-04-28 13:21:52,Despite stuff type stop where kid country class.
alert174505,txn10074505,suspicious_login,2025-06-26 03:10,TRUE,2025-06-27 03:10:38,Impact find hour single similar feeling happen.
alert109035,txn10009035,unusual_amount,2024-06-30 11:55,TRUE,2024-07-03 04:55:09,Church picture party full prevent building.
alert139937,txn10039937,suspicious_login,2025-06-08 07:34,TRUE,2025-06-08 15:34:11,Other sea none note writer.
alert146579,txn10046579,frequent_failure,2025-07-12 08:18,TRUE,2025-07-12 20:18:46,Smile only change maintain skill next throw.
alert137012,txn10037012,frequent_failure,2025-06-08 14:35,FALSE,,Many ok despite church might executive do.
alert148970,txn10048970,unusual_amount,2025-07-27 11:46,FALSE,,Keep writer performance customer discuss.
alert192789,txn10092789,frequent_failure,2025-07-18 23:34,TRUE,2025-07-19 02:34:05,Indicate head lawyer deep offer structure speech.
alert103329,txn10003329,unusual_time,2023-08-02 10:46,TRUE,2023-08-03 08:46:27,North necessary job meeting paper.
alert139888,txn10039888,unusual_amount,2025-06-08 17:33,TRUE,2025-06-09 10:33:06,Carry student study young structure.
alert166688,txn10066688,unusual_amount,2025-07-19 03:38,TRUE,2025-07-21 10:38:04,Key painting cultural work shoulder market.
alert178467,txn10078467,frequent_failure,2023-12-21 13:45,TRUE,2023-12-22 16:45:33,Front activity talk every PM.
alert189365,txn10089365,frequent_failure,2025-08-02 05:43,TRUE,2025-08-04 07:43:14,Reach everybody final provide dinner until.
alert184480,txn10084480,unusual_time,2023-03-25 07:43,TRUE,2023-03-26 18:43:54,Help guy determine far need.
alert109308,txn10009308,suspicious_login,2025-07-17 16:23,TRUE,2025-07-18 21:23:31,Kid green anyone raise deal ago.
alert132074,txn10032074,unusual_time,2024-09-01 06:12,TRUE,2024-09-02 20:12:27,At television cup state trip gas.
alert101950,txn10001950,unusual_amount,2025-03-01 20:31,TRUE,2025-03-02 07:31:29,Risk traditional attorney expect example probably community.
alert173374,txn10073374,frequent_failure,2025-04-07 17:07,TRUE,2025-04-09 04:07:17,Still keep kid trip while keep.
alert140006,txn10040006,unusual_amount,2025-06-30 23:06,FALSE,,May media audience lawyer face land brother.
alert103132,txn10003132,suspicious_login,2025-08-02 04:04,FALSE,,Environmental decade popular message remain good.
alert146863,txn10046863,suspicious_login,2025-03-29 02:39,TRUE,2025-03-30 21:39:40,Concern choose leg over wife cold national.
alert166130,txn10066130,unusual_time,2025-06-22 07:19,TRUE,2025-06-23 17:19:34,Reflect present them conference.
alert117663,txn10017663,suspicious_login,2025-07-16 15:11,TRUE,2025-07-19 06:11:17,Or base community bit.
alert153147,txn10053147,suspicious_login,2025-07-13 19:35,TRUE,2025-07-14 09:35:19,Know fly southern draw include.
alert187679,txn10087679,suspicious_login,2025-04-27 00:15,TRUE,2025-04-27 22:15:15,Call under step memory dream itself.
alert103568,txn10003568,unusual_amount,2025-06-11 13:36,FALSE,,Threat scientist actually lawyer.
alert114420,txn10014420,unusual_time,2025-05-14 10:09,TRUE,2025-05-15 16:09:16,That within south authority understand trip recent.
alert102474,txn10002474,suspicious_login,2025-03-05 02:26,TRUE,2025-03-06 10:26:31,Per ago step.
alert146016,txn10046016,suspicious_login,2025-07-18 00:25,TRUE,2025-07-20 05:25:50,To loss painting PM my lay spring gun.
alert113604,txn10013604,unusual_amount,2025-03-06 08:09,TRUE,2025-03-07 08:09:39,Pm trouble what less whether.
alert191354,txn10091354,unusual_time,2024-12-10 09:31,TRUE,2024-12-11 21:31:12,Enjoy standard go fish name trip hold even.
alert110985,txn10010985,unusual_time,2025-07-25 09:50,TRUE,2025-07-27 06:50:24,Response card realize with rest.
alert143325,txn10043325,unusual_time,2025-06-28 18:53,TRUE,2025-06-29 13:53:44,Indicate enjoy house administration.
alert118554,txn10018554,unusual_amount,2025-02-11 09:35,TRUE,2025-02-12 18:35:05,Move material once method race away value.
alert171628,txn10071628,unusual_time,2024-08-22 11:39,TRUE,2024-08-22 17:39:59,Feel experience live at.
alert117776,txn10017776,frequent_failure,2025-07-18 11:29,TRUE,2025-07-20 10:29:27,These cost number participant.
alert195010,txn10095010,suspicious_login,2025-07-16 09:38,TRUE,2025-07-18 00:38:12,Down detail enter no.
alert150730,txn10050730,suspicious_login,2025-07-31 10:29,TRUE,2025-08-01 18:29:54,If two no.
alert138424,txn10038424,frequent_failure,2025-05-04 17:51,TRUE,2025-05-06 22:51:35,Stay score million third.
alert165467,txn10065467,frequent_failure,2024-10-24 22:42,TRUE,2024-10-25 00:42:40,Turn grow worry low.
alert103426,txn10003426,unusual_time,2025-05-19 17:49,FALSE,,Place admit study price get at.
alert159097,txn10059097,unusual_time,2025-07-31 02:43,TRUE,2025-08-02 06:43:36,Present husband see manager little rest always.
alert152363,txn10052363,unusual_time,2025-08-06 05:52,TRUE,2025-08-06 08:06:42,At once trial air walk military.
alert143348,txn10043348,suspicious_login,2025-07-07 17:11,TRUE,2025-07-09 01:11:22,Whatever college low tonight maintain.
alert101616,txn10001616,unusual_amount,2025-04-13 14:57,TRUE,2025-04-13 21:57:46,Wrong some partner central name business under.
alert114676,txn10014676,frequent_failure,2025-02-07 09:51,TRUE,2025-02-07 21:51:40,Statement our add always foreign direction.
alert106126,txn10006126,suspicious_login,2025-04-19 00:57,TRUE,2025-04-21 22:57:15,Entire ever election least since mean region.
alert111907,txn10011907,unusual_time,2025-06-07 22:25,TRUE,2025-06-09 17:25:46,Kid economic according hundred check.
alert150390,txn10050390,unusual_time,2024-11-30 12:32,TRUE,2024-12-01 02:32:12,Plant else doctor human office blood nation performance.
alert158484,txn10058484,frequent_failure,2025-06-10 21:00,TRUE,2025-06-11 14:00:37,Detail live interesting purpose maybe safe fill.
alert148986,txn10048986,frequent_failure,2025-05-03 09:11,TRUE,2025-05-05 23:11:14,Worker red same according mention too.
alert120560,txn10020560,unusual_amount,2024-08-18 08:09,TRUE,2024-08-18 20:09:22,Single between put but from daughter growth.
alert176155,txn10076155,frequent_failure,2024-10-28 22:16,TRUE,2024-10-29 06:16:44,Third everybody well anything although.
alert171111,txn10071111,unusual_time,2025-06-23 18:17,TRUE,2025-06-24 10:17:54,Than how property PM school a.
alert106246,txn10006246,unusual_time,2023-12-04 19:56,TRUE,2023-12-06 07:56:44,Expect as certainly war step.
alert192396,txn10092396,unusual_time,2025-04-18 03:09,FALSE,,Guy research amount interview education grow.
alert178563,txn10078563,frequent_failure,2025-05-18 23:19,TRUE,2025-05-19 15:19:38,Hard amount bring wait.
alert112021,txn10012021,frequent_failure,2025-02-19 21:51,FALSE,,Middle blood third international.
alert133617,txn10033617,frequent_failure,2025-02-04 08:00,FALSE,,Agent product pick gas else east.
alert194392,txn10094392,unusual_time,2025-07-30 14:54,TRUE,2025-08-02 02:54:43,Summer lay campaign staff bring also kitchen.
alert179238,txn10079238,unusual_time,2024-02-15 01:35,TRUE,2024-02-17 02:35:24,Investment continue while source on.
alert104604,txn10004604,unusual_amount,2025-07-30 20:53,TRUE,2025-07-31 17:53:01,Oil off issue hair apply strategy everyone.
alert106159,txn10006159,unusual_time,2024-08-29 11:58,TRUE,2024-09-01 03:58:40,Amount court she game else.
alert112470,txn10012470,suspicious_login,2025-06-26 02:31,TRUE,2025-06-27 03:31:32,Security drug box administration small.
alert121389,txn10021389,unusual_amount,2024-11-15 07:02,TRUE,2024-11-16 12:02:21,Lead forget bar parent.
alert129648,txn10029648,unusual_amount,2023-12-31 13:14,TRUE,2024-01-01 23:14:59,Much special example present.
alert198989,txn10098989,frequent_failure,2025-07-26 00:51,FALSE,,Value yeah fly course experience ago improve bring.
alert183637,txn10083637,unusual_amount,2025-07-26 21:36,TRUE,2025-07-28 02:36:20,Everything allow south.
alert106398,txn10006398,frequent_failure,2025-07-30 14:05,TRUE,2025-08-02 01:05:34,Wall moment whose start rule school team.
alert106777,txn10006777,unusual_amount,2025-03-25 22:43,TRUE,2025-03-26 22:43:53,Such human agency term condition evidence election.
alert171198,txn10071198,suspicious_login,2022-04-18 03:07,FALSE,,Chair weight leave.
alert193073,txn10093073,unusual_time,2025-06-16 07:09,TRUE,2025-06-19 03:09:13,Although pull song think buy.
alert111997,txn10011997,suspicious_login,2025-02-20 08:54,FALSE,,Travel amount call impact time.
alert164841,txn10064841,frequent_failure,2025-02-15 05:46,TRUE,2025-02-17 11:46:11,Conference long add daughter play open another.
alert138477,txn10038477,frequent_failure,2024-03-22 18:17,TRUE,2024-03-23 14:17:44,Their affect toward something fall.
alert127811,txn10027811,unusual_time,2025-07-28 09:13,TRUE,2025-07-30 10:13:08,Blue tend help step show.
alert155185,txn10055185,suspicious_login,2025-05-29 12:27,TRUE,2025-05-31 07:27:06,Grow somebody law why blue must check.
alert159878,txn10059878,suspicious_login,2025-07-17 01:19,FALSE,,Talk left middle pick.
alert167171,txn10067171,frequent_failure,2025-08-04 13:13,TRUE,2025-08-06 08:06:42,Market collection music.
alert198306,txn10098306,frequent_failure,2024-12-19 00:35,TRUE,2024-12-21 04:35:56,Pull not statement need.
alert171899,txn10071899,unusual_amount,2025-07-15 05:27,TRUE,2025-07-15 22:27:28,Interesting early head across yeah must.
alert167179,txn10067179,suspicious_login,2024-11-04 09:20,TRUE,2024-11-06 11:20:33,Happy value season.
alert132436,txn10032436,suspicious_login,2025-08-05 20:30,TRUE,2025-08-06 08:06:42,Still area year reduce.
alert157934,txn10057934,frequent_failure,2025-03-15 06:55,TRUE,2025-03-15 07:55:27,Senior pass able whose prove million.
alert156536,txn10056536,frequent_failure,2025-08-05 18:37,TRUE,2025-08-06 08:06:42,Performance sell newspaper church toward power field.
alert169655,txn10069655,suspicious_login,2025-04-11 20:04,TRUE,2025-04-13 16:04:29,Above north over customer computer a must.
alert195870,txn10095870,suspicious_login,2025-04-16 00:36,TRUE,2025-04-18 10:36:52,Side either air smile writer task.
alert126797,txn10026797,unusual_time,2024-07-10 06:09,TRUE,2024-07-12 06:09:03,Support visit eat occur remember bag.
alert143297,txn10043297,frequent_failure,2025-07-10 19:34,TRUE,2025-07-12 03:34:16,Finish poor throughout.
alert167763,txn10067763,unusual_time,2024-12-08 01:34,TRUE,2024-12-09 23:34:15,Order above edge everybody he realize.
alert184885,txn10084885,frequent_failure,2025-03-24 15:21,TRUE,2025-03-26 03:21:42,Or sure head letter throw soldier.
alert144920,txn10044920,suspicious_login,2025-07-28 10:43,TRUE,2025-07-30 10:43:39,Which avoid style let figure recent.
alert195219,txn10095219,unusual_amount,2025-08-04 21:11,TRUE,2025-08-06 08:06:42,Year loss project mention.
alert196141,txn10096141,unusual_amount,2025-06-13 17:44,FALSE,,Course exactly item identify young.
alert134163,txn10034163,unusual_time,2024-10-21 03:01,TRUE,2024-10-23 01:01:14,Really position happen base summer.
alert100753,txn10000753,unusual_time,2024-11-21 00:30,TRUE,2024-11-23 04:30:08,Loss event campaign cup tree.
alert124685,txn10024685,frequent_failure,2023-07-30 05:28,TRUE,2023-07-31 13:28:54,Including movie clearly job tough pass.
alert179651,txn10079651,frequent_failure,2025-01-16 00:34,TRUE,2025-01-16 13:34:05,Final air summer article.
alert154920,txn10054920,suspicious_login,2023-08-13 18:08,TRUE,2023-08-14 20:08:14,Over board eat meet.
alert182370,txn10082370,unusual_amount,2025-07-13 22:35,TRUE,2025-07-15 04:35:16,Grow idea live feeling training each bag bring.
alert170862,txn10070862,frequent_failure,2025-05-22 15:14,TRUE,2025-05-23 02:14:46,Huge minute wish receive.
alert130231,txn10030231,unusual_time,2025-08-02 21:58,TRUE,2025-08-05 04:58:33,Man specific else.
alert143742,txn10043742,unusual_amount,2025-07-27 22:36,TRUE,2025-07-28 15:36:37,Poor serious artist.
alert113429,txn10013429,unusual_time,2022-11-29 23:48,TRUE,2022-12-01 09:48:37,Major charge American box your budget manager.
alert134550,txn10034550,unusual_amount,2025-07-28 02:37,TRUE,2025-07-28 09:37:02,With move prepare simple.
alert173234,txn10073234,suspicious_login,2024-08-26 14:58,TRUE,2024-08-28 00:58:10,Employee prepare information form simple be.
alert155982,txn10055982,frequent_failure,2024-05-25 03:53,TRUE,2024-05-26 23:53:25,Deep must while admit mother open road.
alert118090,txn10018090,unusual_amount,2024-04-21 14:07,TRUE,2024-04-23 18:07:37,Management various report certainly.
alert113376,txn10013376,frequent_failure,2025-07-25 09:36,TRUE,2025-07-28 00:36:18,Lay card through ten.
alert130451,txn10030451,unusual_amount,2024-03-26 00:22,TRUE,2024-03-27 12:22:08,Six without result group eight talk foreign radio.
alert161508,txn10061508,unusual_amount,2025-05-23 13:41,TRUE,2025-05-23 20:41:50,Get off each newspaper per discuss result name.
alert110568,txn10010568,suspicious_login,2025-07-14 08:12,TRUE,2025-07-16 22:12:06,Current when option share parent.
alert186969,txn10086969,unusual_time,2024-12-21 19:11,TRUE,2024-12-22 14:11:54,Customer like create player home lose get.
alert117130,txn10017130,frequent_failure,2025-01-12 20:58,TRUE,2025-01-14 05:58:00,Although until factor various.
alert141944,txn10041944,suspicious_login,2025-08-04 21:35,TRUE,2025-08-06 05:35:18,During goal everybody movie.
alert107376,txn10007376,unusual_time,2024-04-15 05:37,TRUE,2024-04-15 19:37:43,Defense media while every administration green gun.
alert150305,txn10050305,unusual_time,2025-04-23 19:35,TRUE,2025-04-24 13:35:06,Door shake need pressure at practice morning.
alert174159,txn10074159,suspicious_login,2025-07-04 16:11,TRUE,2025-07-04 17:11:25,Future consider capital rate.
alert120584,txn10020584,frequent_failure,2025-05-09 08:28,TRUE,2025-05-09 21:28:10,Stock talk suffer free.
alert160176,txn10060176,unusual_amount,2025-08-06 05:59,TRUE,2025-08-06 08:06:42,Check event science fast let care then.
alert138939,txn10038939,unusual_time,2024-10-05 01:30,FALSE,,Audience really give create.
alert117082,txn10017082,unusual_amount,2025-06-20 22:42,TRUE,2025-06-23 13:42:39,Well result ground type send political left.
alert147253,txn10047253,frequent_failure,2025-02-23 17:25,TRUE,2025-02-23 19:25:50,Cold these support discuss political.
alert137209,txn10037209,suspicious_login,2025-05-27 00:09,TRUE,2025-05-30 00:09:08,Article word skin investment figure hand which.
alert108607,txn10008607,suspicious_login,2025-06-16 03:37,TRUE,2025-06-16 07:37:02,Speech image fund civil have field benefit.
alert118382,txn10018382,unusual_amount,2025-03-28 23:55,TRUE,2025-03-30 20:55:29,Power door site Mr boy act team world.
alert136816,txn10036816,suspicious_login,2024-11-17 07:23,TRUE,2024-11-19 23:23:50,Fact available international believe on little.
alert165714,txn10065714,frequent_failure,2025-03-14 12:38,TRUE,2025-03-15 01:38:12,Now best keep throughout.
alert170875,txn10070875,unusual_amount,2024-06-26 16:15,TRUE,2024-06-28 10:15:42,Not half view him throughout.
alert102759,txn10002759,unusual_time,2023-08-02 09:01,TRUE,2023-08-04 21:01:28,Guess be quite success.
alert100850,txn10000850,unusual_time,2024-10-21 18:47,FALSE,,Southern answer fly imagine sell.
alert164888,txn10064888,frequent_failure,2025-08-04 01:53,FALSE,,Several involve nearly point candidate president type tonight.
alert110829,txn10010829,unusual_time,2025-06-16 19:08,TRUE,2025-06-17 14:08:22,Interesting which long almost clear.
alert169366,txn10069366,suspicious_login,2024-02-01 00:11,TRUE,2024-02-03 17:11:17,Perhaps make song.
alert174266,txn10074266,unusual_amount,2024-10-06 03:29,TRUE,2024-10-07 22:29:12,Others us take play step.
alert195416,txn10095416,unusual_amount,2025-06-25 14:16,TRUE,2025-06-26 16:16:00,Land cold thing blood style public.
alert156477,txn10056477,suspicious_login,2024-02-29 14:04,TRUE,2024-02-29 23:04:59,Sing for reach level business citizen many.
alert104880,txn10004880,suspicious_login,2024-10-14 20:00,FALSE,,Party from guy.
alert112845,txn10012845,suspicious_login,2024-11-19 14:21,TRUE,2024-11-20 21:21:49,Dream should seek leave.
alert178253,txn10078253,unusual_amount,2024-11-04 13:56,TRUE,2024-11-07 10:56:51,Environmental type pay fish.
alert178352,txn10078352,frequent_failure,2025-06-30 01:31,TRUE,2025-07-01 04:31:13,Last thing simply candidate civil.
alert108850,txn10008850,unusual_amount,2025-02-23 22:04,FALSE,,Bank education eight everybody.
alert155867,txn10055867,unusual_amount,2025-06-20 20:32,TRUE,2025-06-21 08:32:50,Recent concern quickly present investment up size mission.
alert135942,txn10035942,unusual_time,2024-08-09 04:35,TRUE,2024-08-09 14:35:21,Dark eat beyond anything two property American.
alert194169,txn10094169,unusual_amount,2024-04-03 03:01,TRUE,2024-04-03 06:01:54,Business back wonder shoulder form serve.
alert109000,txn10009000,suspicious_login,2024-12-07 07:56,TRUE,2024-12-10 07:56:47,Green former scientist friend always.
alert123063,txn10023063,unusual_time,2025-08-06 01:52,TRUE,2025-08-06 08:06:42,Receive politics American sing change section serious.
alert145112,txn10045112,unusual_amount,2025-03-14 00:19,TRUE,2025-03-16 18:19:34,Himself with door.
alert103667,txn10003667,unusual_amount,2025-07-20 04:32,TRUE,2025-07-20 23:32:12,Hour nearly determine image.
alert157854,txn10057854,unusual_time,2025-07-15 18:42,TRUE,2025-07-16 22:42:43,President forget child rest music important.
alert171627,txn10071627,unusual_time,2023-07-17 10:33,TRUE,2023-07-18 21:33:39,Thing fall rise cost radio.
alert117234,txn10017234,unusual_time,2025-07-05 08:46,TRUE,2025-07-08 08:46:45,Water toward operation building low.
alert169269,txn10069269,suspicious_login,2025-04-22 16:40,FALSE,,Over dream hold live necessary parent check never.
alert159417,txn10059417,unusual_time,2025-06-28 10:18,FALSE,,Probably parent side morning attack early.
alert101640,txn10001640,unusual_amount,2025-04-21 11:53,TRUE,2025-04-21 16:53:32,Administration behind score along.
alert139778,txn10039778,frequent_failure,2025-06-03 14:58,TRUE,2025-06-05 02:58:44,Remember affect wind mean.
alert152855,txn10052855,suspicious_login,2024-07-12 07:16,TRUE,2024-07-13 09:16:38,The head standard rest.
alert107934,txn10007934,unusual_time,2024-05-14 15:16,TRUE,2024-05-16 23:16:17,Upon claim term election.
alert146640,txn10046640,frequent_failure,2025-06-03 09:38,TRUE,2025-06-05 16:38:30,Instead use energy result our amount capital.
alert133021,txn10033021,frequent_failure,2025-01-28 10:13,TRUE,2025-01-30 03:13:10,Amount policy short whole.
alert191136,txn10091136,frequent_failure,2025-07-26 05:00,TRUE,2025-07-28 12:00:30,Worker clearly education human man entire.
alert119511,txn10019511,frequent_failure,2025-07-20 21:12,TRUE,2025-07-23 04:12:36,Matter lot indeed indicate popular.
alert153493,txn10053493,unusual_time,2025-03-19 07:03,FALSE,,Want part group also most full.
alert149205,txn10049205,suspicious_login,2024-04-07 08:21,TRUE,2024-04-08 01:21:05,Contain large great always TV.
alert177979,txn10077979,unusual_amount,2025-03-31 14:06,TRUE,2025-04-01 17:06:21,Ok author dream consumer strategy finally boy.
alert168735,txn10068735,unusual_amount,2024-05-10 18:14,TRUE,2024-05-12 12:14:46,Provide indeed oil mission mind pay.
alert171857,txn10071857,suspicious_login,2024-11-18 01:17,FALSE,,Dog my research family.
alert120174,txn10020174,unusual_amount,2025-07-27 20:02,TRUE,2025-07-29 20:02:56,Oil others exactly available sign.
alert149236,txn10049236,frequent_failure,2022-10-05 11:17,TRUE,2022-10-07 07:17:43,Film computer drug speech.
alert134197,txn10034197,unusual_amount,2025-04-03 08:58,FALSE,,Western bring subject.
alert164875,txn10064875,frequent_failure,2025-05-24 15:44,TRUE,2025-05-25 02:44:29,Off remember skin mission.
alert161227,txn10061227,frequent_failure,2025-05-03 15:50,TRUE,2025-05-06 05:50:25,They identify development center out board yourself.
alert167988,txn10067988,unusual_amount,2025-06-02 19:03,TRUE,2025-06-04 23:03:14,Charge who senior choice.
alert141109,txn10041109,suspicious_login,2024-10-17 09:55,FALSE,,Hold order little lay because camera time prevent.
alert148170,txn10048170,suspicious_login,2022-04-02 19:55,TRUE,2022-04-03 03:55:29,Sometimes analysis issue situation town course together.
alert141792,txn10041792,unusual_time,2025-05-04 22:14,TRUE,2025-05-05 00:14:53,Million physical return make police soon firm probably.
alert151081,txn10051081,frequent_failure,2025-08-02 03:54,TRUE,2025-08-04 14:54:11,Production develop great guess building industry.
alert189320,txn10089320,unusual_time,2025-05-17 16:53,FALSE,,Participant eight pretty person never for.
alert146901,txn10046901,unusual_time,2024-03-18 20:32,TRUE,2024-03-19 12:32:43,Professor cover in instead mention.
alert152230,txn10052230,unusual_amount,2025-07-24 07:01,FALSE,,Go usually growth live rest because.
alert154585,txn10054585,frequent_failure,2025-08-01 15:51,TRUE,2025-08-02 08:51:30,Describe deal door law claim his fight.
alert134770,txn10034770,frequent_failure,2024-02-07 03:44,TRUE,2024-02-08 01:44:17,Back play miss realize picture last attorney.
alert199178,txn10099178,frequent_failure,2025-08-06 05:58,TRUE,2025-08-06 08:06:42,Air ago perhaps issue word bring decade.
alert116850,txn10016850,unusual_time,2024-07-29 23:50,TRUE,2024-07-31 06:50:34,Could account my eye mother sell operation teacher.
alert143632,txn10043632,unusual_amount,2025-05-14 11:51,TRUE,2025-05-14 17:51:33,Win reason stuff budget.
alert140265,txn10040265,frequent_failure,2024-09-18 13:44,TRUE,2024-09-20 03:44:36,Stop some method.
alert100491,txn10000491,unusual_amount,2025-06-22 15:20,TRUE,2025-06-23 20:20:07,You stay road discussion last almost job.
alert125789,txn10025789,unusual_amount,2025-08-05 06:09,FALSE,,Tv adult animal cost cold.
alert109519,txn10009519,frequent_failure,2025-05-21 01:50,TRUE,2025-05-24 01:50:30,Can no memory both section include weight camera.
alert114719,txn10014719,suspicious_login,2025-08-04 17:51,TRUE,2025-08-06 08:06:42,Down however talk about score.
alert170244,txn10070244,suspicious_login,2025-08-05 15:02,TRUE,2025-08-06 08:06:42,Party late front college do.
alert181874,txn10081874,unusual_amount,2025-04-09 16:58,TRUE,2025-04-11 07:58:41,Appear population personal one skill prove.
alert188265,txn10088265,unusual_time,2025-03-11 12:22,TRUE,2025-03-12 18:22:49,Over however little attack under too.
alert182396,txn10082396,suspicious_login,2025-07-26 08:01,TRUE,2025-07-27 20:01:47,Religious clear carry worker relate measure continue.
alert106505,txn10006505,unusual_time,2025-07-27 01:10,TRUE,2025-07-28 03:10:04,Artist sister only growth nearly.
alert118390,txn10018390,unusual_time,2022-11-01 20:21,TRUE,2022-11-03 17:21:03,Address process see sure music.
alert152672,txn10052672,frequent_failure,2025-07-28 04:47,FALSE,,Degree well prevent piece want church.
alert186414,txn10086414,unusual_amount,2025-06-10 12:11,TRUE,2025-06-11 10:11:16,Half very part million present.
alert172507,txn10072507,unusual_amount,2025-07-18 15:42,TRUE,2025-07-19 02:42:14,Throw soldier scientist tough.
alert108103,txn10008103,unusual_time,2025-01-22 19:14,TRUE,2025-01-25 01:14:05,Part fire middle statement southern special.
alert158516,txn10058516,frequent_failure,2024-11-15 05:30,TRUE,2024-11-16 09:30:24,This price pressure across society world.
alert154113,txn10054113,unusual_amount,2024-11-19 11:53,TRUE,2024-11-22 11:53:59,Our life participant prove language body.
alert106576,txn10006576,suspicious_login,2025-05-30 19:42,FALSE,,Foot great travel help various difference role.
alert127713,txn10027713,suspicious_login,2025-06-24 12:08,FALSE,,Million party return determine election opportunity risk.
alert100383,txn10000383,unusual_time,2025-01-19 07:20,FALSE,,Sound leader very step pass scene nation.
alert145673,txn10045673,unusual_amount,2025-08-01 09:02,TRUE,2025-08-02 21:02:49,Chair foot reveal wide rule.
alert147884,txn10047884,frequent_failure,2025-08-06 08:06,TRUE,2025-08-06 08:06:42,Will people process.
alert183935,txn10083935,unusual_amount,2025-07-01 12:03,TRUE,2025-07-03 18:03:46,These machine reason happy commercial out technology.
alert189205,txn10089205,frequent_failure,2025-03-30 19:48,TRUE,2025-04-02 08:48:56,Mouth with cover free son.
alert130675,txn10030675,suspicious_login,2025-07-17 00:43,TRUE,2025-07-18 04:43:27,Several fill wide natural doctor story single major.
alert114158,txn10014158,unusual_amount,2025-06-08 09:39,TRUE,2025-06-10 01:39:46,Possible here vote rate all decision.
alert147857,txn10047857,unusual_amount,2025-05-03 21:47,TRUE,2025-05-06 05:47:58,Buy camera director west call.
alert199255,txn10099255,unusual_amount,2023-06-12 14:18,TRUE,2023-06-15 03:18:57,Less party church goal ready.
alert173171,txn10073171,unusual_amount,2021-09-06 21:27,TRUE,2021-09-09 02:27:28,Age million mouth fall however ahead option.
alert174209,txn10074209,unusual_time,2025-04-08 15:21,TRUE,2025-04-11 02:21:00,Time Democrat herself available.
alert145428,txn10045428,suspicious_login,2025-03-25 01:26,TRUE,2025-03-25 10:26:20,Point check miss discuss stuff sure.
alert124992,txn10024992,suspicious_login,2024-11-16 01:25,FALSE,,Conference charge more.
alert117583,txn10017583,unusual_time,2025-07-24 23:28,TRUE,2025-07-27 12:28:54,Pull all develop price inside beautiful hot writer.
alert170674,txn10070674,suspicious_login,2024-02-04 03:24,TRUE,2024-02-06 17:24:23,Point next natural myself foot per.
alert166152,txn10066152,unusual_amount,2024-12-15 10:46,TRUE,2024-12-16 17:46:39,Compare table safe majority suggest exist.
alert117469,txn10017469,suspicious_login,2024-02-03 12:56,TRUE,2024-02-05 12:56:43,Together market family.
alert142231,txn10042231,frequent_failure,2025-01-23 07:55,TRUE,2025-01-26 00:55:40,Understand some poor son most top.
alert157185,txn10057185,suspicious_login,2025-06-07 18:25,TRUE,2025-06-07 22:25:45,Reduce growth sure third television.
alert141802,txn10041802,suspicious_login,2024-07-11 17:27,TRUE,2024-07-12 07:27:39,Amount specific item me resource.
alert147163,txn10047163,frequent_failure,2023-04-16 10:32,TRUE,2023-04-18 10:32:23,Resource too be.
alert133684,txn10033684,frequent_failure,2025-07-31 02:55,TRUE,2025-08-01 01:55:56,People our with public.
alert144466,txn10044466,unusual_amount,2025-03-07 05:04,TRUE,2025-03-09 12:04:11,Require computer return same sort.
alert163488,txn10063488,suspicious_login,2025-06-28 03:04,TRUE,2025-06-30 17:04:48,Deep weight never impact.
alert181834,txn10081834,unusual_amount,2024-11-20 03:37,FALSE,,After trip send upon within artist want sister.
alert116816,txn10016816,frequent_failure,2024-06-23 04:29,TRUE,2024-06-25 21:29:53,Month indeed wife she continue.
alert107822,txn10007822,frequent_failure,2022-06-29 07:17,TRUE,2022-07-01 01:17:35,Firm machine fish effort majority soon.
alert170561,txn10070561,suspicious_login,2025-06-17 18:03,TRUE,2025-06-18 07:03:45,Raise color commercial money pattern group.
alert139362,txn10039362,suspicious_login,2024-01-05 17:19,TRUE,2024-01-08 15:19:32,Early sea what ever source.
alert124737,txn10024737,unusual_time,2025-06-07 11:39,TRUE,2025-06-08 08:39:14,Future mean foot ask.
alert136121,txn10036121,frequent_failure,2025-05-14 04:45,FALSE,,Common hundred white next.
alert118212,txn10018212,unusual_amount,2025-08-03 13:41,TRUE,2025-08-03 17:41:50,Hard billion could little.
alert129767,txn10029767,suspicious_login,2024-09-09 08:47,FALSE,,Project raise measure poor crime establish behavior.
alert115535,txn10015535,frequent_failure,2023-07-23 03:44,TRUE,2023-07-24 13:44:07,Worker hope task able.
alert102344,txn10002344,frequent_failure,2023-05-12 04:24,TRUE,2023-05-13 15:24:15,Measure check bar field then success.
alert175645,txn10075645,frequent_failure,2025-07-21 17:10,TRUE,2025-07-24 15:10:45,Student beyond maintain tonight shoulder.
alert132043,txn10032043,unusual_time,2025-05-24 15:00,TRUE,2025-05-26 19:00:35,Health peace face tend fund late.
alert191062,txn10091062,unusual_amount,2025-07-28 05:48,TRUE,2025-07-29 03:48:27,To trip white smile own.
alert148561,txn10048561,frequent_failure,2024-10-15 11:02,TRUE,2024-10-15 14:02:18,Thus grow six purpose individual.
alert186314,txn10086314,frequent_failure,2024-09-19 03:57,TRUE,2024-09-21 06:57:20,Decide value wish believe thought.
alert126016,txn10026016,suspicious_login,2024-08-02 21:32,TRUE,2024-08-04 03:32:18,You everything paper religious truth effect.
alert178905,txn10078905,unusual_time,2023-07-23 08:59,TRUE,2023-07-23 22:59:59,Race most animal sort public somebody deep just.
alert137827,txn10037827,unusual_amount,2024-12-22 10:02,TRUE,2024-12-23 17:02:08,Others choice strong teacher attention.
alert183168,txn10083168,unusual_amount,2021-12-18 16:06,TRUE,2021-12-18 21:06:00,View begin southern town.
alert191656,txn10091656,unusual_amount,2024-09-09 19:39,TRUE,2024-09-12 19:39:06,Pm behind himself idea.
alert195531,txn10095531,unusual_time,2025-08-05 12:17,TRUE,2025-08-06 08:06:42,Garden road few above management for.
alert135471,txn10035471,unusual_amount,2025-07-09 20:36,TRUE,2025-07-12 09:36:30,Open fear them majority its.
alert181811,txn10081811,frequent_failure,2025-03-01 14:14,TRUE,2025-03-02 03:14:57,Hold democratic turn heart.
alert188933,txn10088933,unusual_amount,2025-07-28 13:03,TRUE,2025-07-29 22:03:56,You during this set.
alert181612,txn10081612,unusual_amount,2023-11-26 19:07,TRUE,2023-11-28 14:07:13,Figure happy result wind.
alert176462,txn10076462,suspicious_login,2025-07-29 21:24,TRUE,2025-07-31 18:24:07,Deal trade serve night.
alert147084,txn10047084,unusual_amount,2025-07-27 02:12,TRUE,2025-07-27 22:12:39,Picture member sound.
alert108491,txn10008491,unusual_time,2025-05-06 23:52,TRUE,2025-05-08 13:52:07,Much forget almost focus.
alert186187,txn10086187,suspicious_login,2025-01-30 02:59,TRUE,2025-01-31 11:59:49,Home fact answer course tell.
alert117696,txn10017696,suspicious_login,2025-08-05 20:34,TRUE,2025-08-06 08:06:42,Language range product cover.
alert150227,txn10050227,suspicious_login,2025-06-24 09:26,TRUE,2025-06-26 18:26:53,Seem north red true quality commercial remain course.
alert172497,txn10072497,unusual_amount,2025-05-17 22:49,FALSE,,Pay improve create toward less he.
alert198711,txn10098711,unusual_amount,2025-07-15 20:08,TRUE,2025-07-16 16:08:52,Baby figure former without reduce realize role.
alert137011,txn10037011,suspicious_login,2023-02-02 18:36,TRUE,2023-02-03 20:36:54,Military billion keep lay clear knowledge know.
alert113416,txn10013416,frequent_failure,2024-06-26 14:31,TRUE,2024-06-26 15:31:27,Find purpose wait interesting another low level.
alert173443,txn10073443,frequent_failure,2025-02-14 20:28,TRUE,2025-02-17 18:28:04,Drive voice billion feeling structure billion century leave.
alert125846,txn10025846,unusual_amount,2024-09-23 14:00,TRUE,2024-09-25 16:00:59,Ahead success case better teach.
alert140855,txn10040855,frequent_failure,2024-03-03 22:12,TRUE,2024-03-04 13:12:59,Technology send success energy plant staff will.
alert140946,txn10040946,frequent_failure,2025-01-30 08:45,TRUE,2025-01-30 19:45:40,Wear become imagine score figure democratic plant size.
alert169410,txn10069410,unusual_amount,2024-08-27 08:54,TRUE,2024-08-27 13:54:20,Air glass person believe hope mind little.
alert136565,txn10036565,frequent_failure,2025-08-03 19:28,TRUE,2025-08-05 09:28:48,Contain season hotel thousand.
alert193617,txn10093617,unusual_time,2023-02-27 22:56,FALSE,,None anyone second direction professor future.
alert186507,txn10086507,unusual_amount,2025-08-05 11:17,FALSE,,Real old television full.
alert175959,txn10075959,frequent_failure,2025-06-21 10:25,TRUE,2025-06-23 01:25:34,Wind memory if success remain.
alert198915,txn10098915,frequent_failure,2023-05-27 21:42,TRUE,2023-05-28 10:42:13,Fill character none none man decade.
alert193581,txn10093581,unusual_time,2025-05-08 09:01,TRUE,2025-05-10 21:01:02,Phone fly of need.
alert155350,txn10055350,unusual_amount,2025-02-08 12:05,TRUE,2025-02-08 21:05:54,Nation partner military amount probably center.
alert106686,txn10006686,unusual_time,2025-04-29 07:42,TRUE,2025-04-30 15:42:19,Very identify step sit eat.
alert149534,txn10049534,unusual_time,2025-01-12 00:22,TRUE,2025-01-13 04:22:04,Continue research thing although their cover.
alert188174,txn10088174,frequent_failure,2024-08-21 18:07,TRUE,2024-08-22 16:07:23,Whole pretty account.
alert127386,txn10027386,unusual_amount,2025-07-26 01:19,TRUE,2025-07-28 02:19:33,Table material term market security type.
alert118403,txn10018403,suspicious_login,2025-07-05 10:08,TRUE,2025-07-06 03:08:44,Significant response maybe church about politics.
alert110014,txn10010014,suspicious_login,2025-04-17 07:30,TRUE,2025-04-19 18:30:42,Act myself his spring.
alert117104,txn10017104,frequent_failure,2023-06-30 03:10,FALSE,,Report while must start point player bag recognize.
alert183977,txn10083977,suspicious_login,2025-07-23 16:39,TRUE,2025-07-24 22:39:40,Support wonder assume effort.
alert192436,txn10092436,unusual_amount,2023-07-01 15:02,TRUE,2023-07-01 21:02:20,Read picture local spend she.
alert125835,txn10025835,suspicious_login,2025-07-27 19:17,TRUE,2025-07-28 14:17:48,Concern activity argue send science possible himself hard.
alert187699,txn10087699,unusual_amount,2025-03-05 03:50,TRUE,2025-03-05 07:50:45,Girl body behind be physical nearly.
alert124168,txn10024168,frequent_failure,2025-05-02 08:16,TRUE,2025-05-05 03:16:00,Clearly still family sometimes.
alert162002,txn10062002,frequent_failure,2024-01-11 11:43,FALSE,,More serve its feel owner Republican nature stop.
alert198238,txn10098238,unusual_amount,2025-04-12 18:53,TRUE,2025-04-14 21:53:10,Third sometimes fly way capital traditional.
alert170676,txn10070676,unusual_amount,2025-08-03 01:16,TRUE,2025-08-04 13:16:19,Owner college through present raise feeling.
alert145777,txn10045777,unusual_time,2024-12-17 21:47,TRUE,2024-12-20 08:47:15,Prove particular whose today score back.
alert111408,txn10011408,unusual_time,2025-07-29 07:52,TRUE,2025-08-01 06:52:05,Anyone training doctor improve building.
alert139760,txn10039760,suspicious_login,2025-03-03 17:44,TRUE,2025-03-03 22:44:50,Write back so every animal lot.
alert172382,txn10072382,unusual_amount,2024-06-06 04:34,TRUE,2024-06-08 01:34:33,Whatever adult building social message market.
alert193877,txn10093877,frequent_failure,2025-06-10 22:35,TRUE,2025-06-13 08:35:54,Source great ahead color include very.
alert155691,txn10055691,unusual_time,2025-02-18 11:07,TRUE,2025-02-20 22:07:57,Protect like gun case.
alert125655,txn10025655,suspicious_login,2024-11-18 03:23,TRUE,2024-11-18 14:23:58,Way involve send.
alert198918,txn10098918,suspicious_login,2025-06-19 13:06,TRUE,2025-06-19 20:06:23,Us full whose live around.
alert125508,txn10025508,unusual_time,2025-07-06 03:18,TRUE,2025-07-08 00:18:13,Cultural new represent democratic.
alert106099,txn10006099,frequent_failure,2025-07-06 08:05,TRUE,2025-07-07 10:05:56,Letter enter age policy bar because.
alert195356,txn10095356,unusual_amount,2025-08-05 19:56,TRUE,2025-08-06 08:06:42,May treatment about quality.
alert110708,txn10010708,suspicious_login,2025-01-24 17:24,TRUE,2025-01-25 21:24:51,Shake popular measure case commercial.
alert168814,txn10068814,unusual_time,2025-03-22 03:57,TRUE,2025-03-24 12:57:45,Seat hair cost consider skill look.
alert124656,txn10024656,suspicious_login,2024-11-17 04:37,TRUE,2024-11-18 19:37:00,Follow then its suddenly growth keep.
alert197673,txn10097673,unusual_time,2024-03-30 16:51,TRUE,2024-04-02 13:51:26,Stop instead both middle response rich various.
alert146677,txn10046677,unusual_time,2024-07-09 18:04,TRUE,2024-07-11 07:04:04,Product reduce argue.
alert110993,txn10010993,unusual_time,2025-07-17 07:36,TRUE,2025-07-20 06:36:32,Remember student step several image together resource.
alert151466,txn10051466,suspicious_login,2025-01-09 12:56,TRUE,2025-01-11 02:56:21,Wish indicate risk news agreement third dream city.
alert158825,txn10058825,unusual_time,2024-09-04 00:00,FALSE,,Few part week environment foreign enjoy.
alert183970,txn10083970,unusual_amount,2025-07-05 17:05,TRUE,2025-07-05 22:05:35,Area stage already always.
alert165090,txn10065090,suspicious_login,2024-08-02 17:37,FALSE,,Measure relationship fish human official quite argue.
alert192001,txn10092001,suspicious_login,2025-07-21 05:35,TRUE,2025-07-21 18:35:06,We animal keep accept wish effort.
alert176343,txn10076343,suspicious_login,2025-05-13 09:29,TRUE,2025-05-14 12:29:37,Set score voice mind audience ok.
alert119727,txn10019727,unusual_amount,2025-08-01 04:14,TRUE,2025-08-02 06:14:14,Daughter positive hard play.
alert127266,txn10027266,unusual_time,2025-08-05 17:49,TRUE,2025-08-06 08:06:42,Just figure start rule billion dinner.
alert116601,txn10016601,unusual_time,2025-05-28 06:03,TRUE,2025-05-28 21:03:26,Popular hard make.
alert139765,txn10039765,unusual_amount,2025-06-07 14:08,TRUE,2025-06-09 14:08:52,Hold imagine politics art article.
alert142445,txn10042445,unusual_amount,2025-07-18 06:37,TRUE,2025-07-19 18:37:57,Doctor director serve none still measure.
alert187403,txn10087403,suspicious_login,2025-04-30 06:51,TRUE,2025-05-02 08:51:17,Station morning standard.
alert196069,txn10096069,frequent_failure,2025-06-13 05:37,TRUE,2025-06-15 21:37:00,Life Democrat know son.
alert177793,txn10077793,unusual_time,2025-07-03 21:01,TRUE,2025-07-04 02:01:12,Result it apply.
alert104627,txn10004627,unusual_amount,2024-11-28 20:44,TRUE,2024-12-01 17:44:16,Part along after indeed cover prepare.
alert110473,txn10010473,suspicious_login,2024-09-27 03:48,TRUE,2024-09-28 20:48:52,Size piece also east.
alert138148,txn10038148,frequent_failure,2024-12-23 03:12,FALSE,,Order stand realize marriage.
alert117029,txn10017029,frequent_failure,2024-10-21 07:55,TRUE,2024-10-23 01:55:27,Wrong right action interest able design.
alert171786,txn10071786,unusual_time,2025-07-27 19:19,TRUE,2025-07-28 18:19:26,Safe order wife individual catch position.
alert140206,txn10040206,unusual_time,2024-03-31 09:35,TRUE,2024-04-01 03:35:38,Simply power series.
alert110464,txn10010464,suspicious_login,2025-02-06 00:34,TRUE,2025-02-06 16:34:39,Society meet picture situation stay middle air.
alert130975,txn10030975,unusual_time,2025-04-11 08:53,TRUE,2025-04-11 19:53:55,Exist environment gas foot my different across art.
alert156401,txn10056401,unusual_amount,2025-02-16 07:59,TRUE,2025-02-18 11:59:32,Lead big also sing there.
alert158399,txn10058399,unusual_time,2025-03-24 18:26,TRUE,2025-03-27 10:26:32,Century foreign perform speak task guess.
alert157829,txn10057829,unusual_amount,2025-05-21 19:54,TRUE,2025-05-24 19:54:17,However source music glass prove really record expect.
alert156204,txn10056204,frequent_failure,2025-08-01 00:04,TRUE,2025-08-03 19:04:55,Low represent little for box.
alert102076,txn10002076,suspicious_login,2025-06-02 02:56,TRUE,2025-06-04 14:56:51,Near growth section size campaign.
alert105405,txn10005405,frequent_failure,2024-07-14 03:22,TRUE,2024-07-15 01:22:59,Store director benefit which.
alert117751,txn10017751,unusual_amount,2024-11-12 09:37,TRUE,2024-11-14 01:37:36,Rise born coach much church.
alert142530,txn10042530,unusual_time,2023-07-25 21:54,FALSE,,Through population event.
alert137565,txn10037565,unusual_time,2024-12-10 20:41,TRUE,2024-12-13 18:41:32,Black occur suffer long allow.
alert137670,txn10037670,frequent_failure,2025-07-08 11:03,TRUE,2025-07-10 09:03:59,Truth might market understand before indeed wait door.
alert117819,txn10017819,unusual_time,2025-04-08 11:29,TRUE,2025-04-10 09:29:32,Way remain behavior either one include.
alert143039,txn10043039,frequent_failure,2025-07-20 07:56,TRUE,2025-07-23 05:56:58,So either price doctor.
alert172262,txn10072262,unusual_amount,2025-06-22 03:46,TRUE,2025-06-24 15:46:00,Far movement participant structure final.
alert197000,txn10097000,frequent_failure,2025-04-30 05:41,TRUE,2025-04-30 17:41:47,Hard leave baby control prevent.
alert199619,txn10099619,unusual_time,2025-05-04 00:52,FALSE,,Tonight than hotel arm court east member.
alert128398,txn10028398,unusual_time,2025-07-26 08:19,TRUE,2025-07-28 01:19:52,Enough help want development surface PM middle reach.
alert167875,txn10067875,unusual_amount,2024-06-15 09:00,TRUE,2024-06-17 13:00:14,Culture public first thousand charge.
alert198588,txn10098588,suspicious_login,2024-03-05 07:58,TRUE,2024-03-06 18:58:11,Material blood admit piece.
alert112054,txn10012054,frequent_failure,2025-06-26 20:42,TRUE,2025-06-27 00:42:23,Crime could allow beautiful water majority red.
alert123437,txn10023437,suspicious_login,2025-07-19 04:58,TRUE,2025-07-20 22:58:45,Stay just down statement.
alert172687,txn10072687,unusual_time,2025-08-03 16:15,TRUE,2025-08-05 13:15:06,Appear decide rule poor.
alert171154,txn10071154,frequent_failure,2025-05-30 10:15,TRUE,2025-06-01 14:15:15,Matter compare big reveal garden able.
alert194475,txn10094475,unusual_amount,2023-01-30 11:13,TRUE,2023-02-01 22:13:28,Improve opportunity nearly establish pull.
alert158614,txn10058614,frequent_failure,2025-06-08 10:42,TRUE,2025-06-09 18:42:25,Amount life high often.
alert138798,txn10038798,unusual_time,2025-05-19 07:13,TRUE,2025-05-21 10:13:57,Old cold who win century population understand water.
alert122551,txn10022551,unusual_amount,2025-07-21 14:14,TRUE,2025-07-24 06:14:59,Political rest need allow theory.
alert189896,txn10089896,unusual_time,2025-05-15 04:15,TRUE,2025-05-16 14:15:37,Fall get his hundred play matter may.
alert159043,txn10059043,frequent_failure,2025-07-21 18:20,FALSE,,Training bag weight since help.
alert154967,txn10054967,unusual_time,2025-07-31 15:28,TRUE,2025-08-03 12:28:08,Or every lawyer scientist detail little group.
alert111225,txn10011225,unusual_amount,2023-04-21 08:24,TRUE,2023-04-23 18:24:30,Test order national less which.
alert165210,txn10065210,suspicious_login,2024-06-24 17:17,TRUE,2024-06-25 11:17:48,None prevent walk when popular.
alert132584,txn10032584,unusual_time,2025-07-04 09:04,FALSE,,Movement cultural consider whether nature finish.
alert103615,txn10003615,unusual_amount,2025-07-30 08:49,TRUE,2025-08-01 11:49:19,Group sport hospital cost officer industry seven.
alert130568,txn10030568,unusual_time,2025-05-31 11:36,TRUE,2025-06-01 06:36:47,Ahead business whether.
alert158051,txn10058051,suspicious_login,2025-08-01 12:22,FALSE,,Southern others here parent back as hour beyond.
alert195882,txn10095882,frequent_failure,2025-03-19 13:02,TRUE,2025-03-20 11:02:52,Low exactly project against.
alert192831,txn10092831,suspicious_login,2025-06-30 15:48,TRUE,2025-07-02 22:48:16,Effect develop government actually effort newspaper.
alert196669,txn10096669,frequent_failure,2025-08-05 20:13,TRUE,2025-08-06 08:06:42,Imagine keep nearly especially movement certainly beyond.
alert120473,txn10020473,unusual_time,2024-06-16 09:45,TRUE,2024-06-18 05:45:38,For year effect four world.
alert191499,txn10091499,suspicious_login,2025-07-30 13:51,TRUE,2025-08-01 09:51:40,Two rate I he call how begin piece.
alert157075,txn10057075,suspicious_login,2025-03-07 05:41,FALSE,,Teacher usually believe theory whatever.
alert117030,txn10017030,suspicious_login,2025-07-02 22:41,TRUE,2025-07-03 00:41:39,He scientist ok reality near.
alert150803,txn10050803,frequent_failure,2025-07-21 12:01,TRUE,2025-07-24 02:01:32,World chance message suddenly under cup article.
alert102348,txn10002348,unusual_amount,2025-07-01 22:45,TRUE,2025-07-03 12:45:59,Event everybody individual fall budget money.
alert127265,txn10027265,unusual_time,2024-09-23 19:13,TRUE,2024-09-25 18:13:45,Response pull its address drug stay firm.
alert130279,txn10030279,unusual_time,2024-08-30 11:11,TRUE,2024-08-30 17:11:46,Mission world then imagine southern step.
alert165771,txn10065771,unusual_time,2025-05-19 00:30,TRUE,2025-05-20 12:30:58,I word site.
alert178671,txn10078671,suspicious_login,2023-12-04 02:02,TRUE,2023-12-05 11:02:38,Lead raise watch lawyer.
alert148302,txn10048302,unusual_amount,2025-06-28 21:10,TRUE,2025-06-30 06:10:17,Likely condition respond might.
alert189087,txn10089087,frequent_failure,2024-06-29 19:49,TRUE,2024-07-02 03:49:07,Say drop piece sea speak price.
alert171332,txn10071332,suspicious_login,2025-07-02 14:10,TRUE,2025-07-04 09:10:14,Part Republican himself college figure.
alert108604,txn10008604,suspicious_login,2022-12-18 20:06,TRUE,2022-12-21 16:06:08,Plan stay list treatment pick.
alert120831,txn10020831,suspicious_login,2023-07-17 16:00,TRUE,2023-07-17 22:00:52,Any Republican understand too fine start everyone.
alert141811,txn10041811,suspicious_login,2025-07-31 05:55,TRUE,2025-08-01 05:55:23,Pm interesting reduce war second scene.
alert193713,txn10093713,unusual_time,2024-03-30 11:23,FALSE,,Benefit open son within four.
alert181814,txn10081814,unusual_time,2025-05-29 10:29,TRUE,2025-05-29 14:29:21,Industry mention rate culture.
alert140272,txn10040272,suspicious_login,2025-07-27 06:30,TRUE,2025-07-27 10:30:35,History special everything reason song possible Mrs budget.
alert144093,txn10044093,unusual_amount,2023-11-17 03:29,TRUE,2023-11-18 03:29:41,Through ten professor PM feeling agency society.
alert172998,txn10072998,suspicious_login,2025-03-28 11:38,TRUE,2025-03-29 23:38:33,Need although game safe provide.
alert192970,txn10092970,frequent_failure,2025-03-08 20:26,TRUE,2025-03-10 12:26:31,Central three maintain recognize board before.
alert131819,txn10031819,frequent_failure,2025-08-01 21:18,TRUE,2025-08-02 07:18:45,Assume action focus fine simply away animal.
alert120970,txn10020970,unusual_amount,2022-10-11 13:44,FALSE,,Front poor officer condition our for will.
alert136380,txn10036380,unusual_amount,2024-07-23 17:02,FALSE,,Education field serve floor.
alert148439,txn10048439,frequent_failure,2025-08-01 13:12,TRUE,2025-08-03 13:12:14,Music industry nothing.
alert166084,txn10066084,unusual_amount,2025-08-03 00:02,TRUE,2025-08-04 22:02:39,Scientist back art single speech fight sit.
alert118371,txn10018371,frequent_failure,2025-02-24 15:19,FALSE,,Three protect somebody strategy.
alert126213,txn10026213,frequent_failure,2024-10-06 06:13,TRUE,2024-10-07 12:13:01,Yet necessary free produce charge according.
alert193000,txn10093000,unusual_amount,2025-07-07 09:44,TRUE,2025-07-08 05:44:07,Provide common heart company require fine.
alert121713,txn10021713,unusual_amount,2025-07-06 09:56,TRUE,2025-07-09 05:56:44,Phone little letter model off speech social.
alert190017,txn10090017,frequent_failure,2025-06-11 04:16,TRUE,2025-06-12 05:16:45,Discuss trouble hot standard brother either admit.
alert107712,txn10007712,unusual_amount,2022-02-28 07:40,TRUE,2022-03-02 10:40:41,Herself police especially model beyond.
alert199897,txn10099897,unusual_amount,2024-11-28 10:05,TRUE,2024-11-30 19:05:21,Director report around.
alert177561,txn10077561,unusual_amount,2023-04-15 14:46,FALSE,,Defense gun life standard.
alert190146,txn10090146,suspicious_login,2024-01-01 01:04,TRUE,2024-01-03 14:04:12,Read marriage tonight often.
alert149055,txn10049055,suspicious_login,2025-06-10 19:10,TRUE,2025-06-12 23:10:39,All research wear I with.
alert147693,txn10047693,unusual_amount,2025-08-05 07:51,TRUE,2025-08-05 16:51:09,Less office institution society seem figure.
alert193629,txn10093629,frequent_failure,2025-02-27 08:28,TRUE,2025-02-28 16:28:19,Story also help special leader institution production different.
alert171244,txn10071244,suspicious_login,2024-12-04 02:59,TRUE,2024-12-04 17:59:19,Maintain help court floor he wall.
alert107275,txn10007275,suspicious_login,2025-04-08 01:44,TRUE,2025-04-09 09:44:31,I box notice off daughter.
alert135960,txn10035960,frequent_failure,2024-05-26 02:27,FALSE,,Find blood practice three improve really.
alert126383,txn10026383,frequent_failure,2025-05-06 11:32,TRUE,2025-05-06 14:32:42,Ask rather dark effect almost maintain appear offer.
alert192608,txn10092608,unusual_amount,2024-11-23 02:01,TRUE,2024-11-25 13:01:45,Get management rest center.
alert129442,txn10029442,unusual_time,2023-07-27 12:24,TRUE,2023-07-28 04:24:19,State similar easy hold.
alert148639,txn10048639,unusual_time,2025-05-25 12:36,TRUE,2025-05-27 08:36:14,Less threat knowledge anyone show factor.
alert128480,txn10028480,suspicious_login,2023-07-21 15:59,TRUE,2023-07-23 05:59:26,Both defense trouble community goal happy fill.
alert160540,txn10060540,suspicious_login,2025-06-03 01:50,TRUE,2025-06-05 23:50:07,Eat money trip throughout fly in.
alert121842,txn10021842,unusual_amount,2025-07-04 07:17,TRUE,2025-07-04 13:17:00,Republican staff despite image hair I.
alert157216,txn10057216,unusual_amount,2025-07-02 20:46,TRUE,2025-07-04 05:46:42,Cup attention leave billion democratic around house environment.
alert169504,txn10069504,unusual_amount,2025-04-26 12:07,TRUE,2025-04-29 12:07:55,Somebody nation between ball.
alert108630,txn10008630,unusual_time,2022-10-20 04:53,TRUE,2022-10-22 08:53:13,Both serve few.
alert176294,txn10076294,frequent_failure,2024-11-08 05:04,TRUE,2024-11-10 18:04:51,Computer herself answer anyone officer.
alert163974,txn10063974,frequent_failure,2024-01-09 05:57,TRUE,2024-01-10 04:57:56,The stock again manage teacher her dog.
alert171196,txn10071196,frequent_failure,2025-07-14 19:52,TRUE,2025-07-16 20:52:32,First prepare price thought win listen course coach.
alert183104,txn10083104,suspicious_login,2021-11-12 02:00,TRUE,2021-11-12 08:00:39,Sort between friend evidence.
alert106558,txn10006558,unusual_time,2025-03-13 22:29,TRUE,2025-03-16 13:29:01,Return exactly traditional.
alert107065,txn10007065,unusual_amount,2025-03-19 07:08,TRUE,2025-03-22 05:08:54,Cover person culture.
alert143937,txn10043937,frequent_failure,2025-05-23 20:19,TRUE,2025-05-25 08:19:59,Agency none such bad.
alert153408,txn10053408,unusual_amount,2025-05-26 11:23,TRUE,2025-05-27 08:23:18,Skill recognize just focus know.
alert136510,txn10036510,unusual_amount,2025-07-11 09:33,TRUE,2025-07-14 02:33:57,Watch case information because six sound science.
alert131187,txn10031187,unusual_time,2025-07-20 22:34,TRUE,2025-07-23 22:34:45,Coach perhaps operation.
alert164347,txn10064347,unusual_amount,2025-05-26 19:56,TRUE,2025-05-27 22:56:17,Thank whom generation consider part too.
alert139250,txn10039250,frequent_failure,2025-07-29 01:36,TRUE,2025-07-31 05:36:24,Stay recognize job more.
alert198113,txn10098113,unusual_amount,2025-02-17 18:32,TRUE,2025-02-20 05:32:27,Former hope almost stock.
alert167592,txn10067592,suspicious_login,2025-07-27 18:58,TRUE,2025-07-28 09:58:32,Note away live here.
alert163354,txn10063354,unusual_time,2025-05-27 22:23,TRUE,2025-05-29 17:23:43,Career evidence respond amount TV live.
alert108981,txn10008981,unusual_amount,2025-07-19 11:44,TRUE,2025-07-19 12:44:09,Receive society citizen system he.
alert130943,txn10030943,unusual_amount,2025-03-05 06:57,TRUE,2025-03-05 17:57:25,Often in explain which bag.
alert165442,txn10065442,suspicious_login,2023-04-27 12:07,TRUE,2023-04-27 17:07:07,Approach garden different business draw.
alert134712,txn10034712,suspicious_login,2023-06-26 00:15,TRUE,2023-06-28 03:15:02,Order develop my friend.
alert186625,txn10086625,frequent_failure,2025-03-05 04:50,TRUE,2025-03-05 11:50:15,Seek let across itself paper impact.
alert111710,txn10011710,frequent_failure,2024-07-25 00:56,TRUE,2024-07-26 23:56:49,Defense cell purpose key could worry history floor.
alert161576,txn10061576,frequent_failure,2025-07-28 07:05,TRUE,2025-07-31 05:05:26,Speech fact than issue oil single letter.
alert166622,txn10066622,suspicious_login,2025-07-27 03:00,TRUE,2025-07-27 09:00:36,Participant popular production arm.
alert122679,txn10022679,unusual_time,2025-05-29 21:02,TRUE,2025-05-30 03:02:27,Itself side cover player peace.
alert134361,txn10034361,suspicious_login,2025-07-09 03:27,TRUE,2025-07-10 19:27:27,Protect conference score skin interest art.
alert123014,txn10023014,suspicious_login,2023-07-16 23:51,TRUE,2023-07-18 21:51:31,Position need police very agree Mrs tax.
alert158590,txn10058590,suspicious_login,2025-07-09 00:52,TRUE,2025-07-09 10:52:16,Audience and size into chair face assume.
alert158787,txn10058787,unusual_time,2025-04-28 12:52,TRUE,2025-04-29 16:52:26,Include road house her newspaper.
alert107361,txn10007361,unusual_time,2025-07-09 08:40,TRUE,2025-07-10 22:40:52,Various term mission bed front prove.
alert110132,txn10010132,unusual_time,2024-05-18 10:32,TRUE,2024-05-21 02:32:21,Agency require foot early kind on occur.
alert174796,txn10074796,suspicious_login,2024-12-28 19:03,TRUE,2024-12-29 15:03:04,Soon parent cost book design time.
alert159678,txn10059678,unusual_time,2024-07-28 22:13,TRUE,2024-07-29 19:13:42,Meet painting agreement open line.
alert185633,txn10085633,unusual_amount,2025-02-13 16:34,TRUE,2025-02-16 14:34:40,Finish certain policy real.
alert116284,txn10016284,unusual_time,2025-07-02 17:50,TRUE,2025-07-03 23:50:38,Professor four lawyer candidate.
alert132840,txn10032840,unusual_time,2024-05-27 06:09,FALSE,,Lot sell according fine part side since war.
alert190820,txn10090820,unusual_amount,2024-08-29 08:38,TRUE,2024-08-31 18:38:25,Student worry ask personal.
alert135906,txn10035906,unusual_time,2024-06-20 05:51,TRUE,2024-06-21 03:51:23,Capital sister create main.
alert191746,txn10091746,unusual_time,2025-05-19 03:50,TRUE,2025-05-19 11:50:02,Also million along which culture hard.
alert194372,txn10094372,unusual_amount,2025-05-07 01:12,TRUE,2025-05-09 08:12:56,Part important send this face sea.
alert178325,txn10078325,frequent_failure,2024-09-02 14:20,TRUE,2024-09-04 09:20:57,Always need impact explain customer.
alert104007,txn10004007,unusual_amount,2025-07-24 12:07,TRUE,2025-07-24 19:07:31,Indeed full herself city dinner nation beat.
alert194305,txn10094305,suspicious_login,2025-02-25 21:42,TRUE,2025-02-26 10:42:15,Hit anything inside.
alert189723,txn10089723,frequent_failure,2024-10-30 11:59,TRUE,2024-11-01 12:59:10,Number decision fast those understand leave.
alert134608,txn10034608,unusual_time,2024-07-10 04:34,TRUE,2024-07-12 03:34:20,Rate field indeed including serve.
alert108392,txn10008392,unusual_amount,2025-07-28 11:07,TRUE,2025-07-30 01:07:06,Security yeah democratic head total bill recently force.
alert179777,txn10079777,unusual_time,2023-08-29 04:08,TRUE,2023-08-29 08:08:25,Board college fall matter grow city.
alert111181,txn10011181,unusual_time,2025-07-18 18:38,TRUE,2025-07-20 08:38:34,Push bar hair ago history suddenly.
alert196517,txn10096517,frequent_failure,2025-07-27 13:20,TRUE,2025-07-27 16:20:24,Whole painting door.
alert187570,txn10087570,frequent_failure,2024-11-16 06:30,TRUE,2024-11-19 02:30:57,Usually idea hold sell oil.
alert136884,txn10036884,unusual_amount,2025-02-22 13:03,TRUE,2025-02-24 20:03:52,Forget last who official.
alert105308,txn10005308,unusual_amount,2025-08-05 10:49,FALSE,,Computer manage organization debate people industry live.
alert114361,txn10014361,unusual_time,2025-03-21 03:21,TRUE,2025-03-22 07:21:23,Actually many eye poor stage response.
alert122046,txn10022046,frequent_failure,2025-07-23 09:47,TRUE,2025-07-25 02:47:43,Meeting fly us free feeling.
alert143925,txn10043925,suspicious_login,2025-07-31 03:28,TRUE,2025-07-31 12:28:41,Great window over.
alert171910,txn10071910,unusual_amount,2025-07-05 01:30,FALSE,,Body left financial sometimes determine.
alert153508,txn10053508,unusual_amount,2025-07-15 15:29,TRUE,2025-07-16 12:29:56,Child bed professional type man.
alert136879,txn10036879,suspicious_login,2024-09-25 21:59,FALSE,,Family control per smile rather nor first.
alert119345,txn10019345,frequent_failure,2021-03-12 14:15,TRUE,2021-03-14 02:15:38,To growth him relate.
alert104200,txn10004200,frequent_failure,2024-08-09 02:49,TRUE,2024-08-10 07:49:44,Challenge themselves sit here.
alert199797,txn10099797,suspicious_login,2024-03-12 10:47,TRUE,2024-03-14 17:47:04,Town state nearly music bad.
alert133627,txn10033627,unusual_amount,2025-08-06 05:43,TRUE,2025-08-06 08:06:42,Else people affect dinner final government first.
alert163010,txn10063010,unusual_amount,2025-05-19 17:55,TRUE,2025-05-21 03:55:10,Manage family moment recently thus.
alert174793,txn10074793,unusual_amount,2025-02-18 05:21,TRUE,2025-02-19 04:21:28,Seven could military technology some.
alert193876,txn10093876,frequent_failure,2025-01-25 13:55,TRUE,2025-01-25 14:55:36,Least year which for.
alert123272,txn10023272,suspicious_login,2025-01-24 06:28,TRUE,2025-01-25 01:28:04,Class these white political career popular address vote.
alert183674,txn10083674,suspicious_login,2024-04-15 09:01,TRUE,2024-04-18 02:01:43,Major during change at growth business.
alert164057,txn10064057,unusual_time,2024-10-14 20:32,TRUE,2024-10-16 04:32:39,With question threat history so.
alert102373,txn10002373,unusual_amount,2025-05-08 10:18,TRUE,2025-05-08 18:18:48,Garden between first become loss continue.
alert139517,txn10039517,suspicious_login,2025-07-27 18:08,FALSE,,Suggest baby television article.
alert149753,txn10049753,frequent_failure,2025-07-27 22:12,TRUE,2025-07-28 11:12:50,Quickly partner until.
alert156282,txn10056282,frequent_failure,2024-03-04 00:49,TRUE,2024-03-06 16:49:06,Long chair best four tonight coach firm example.
alert101390,txn10001390,unusual_time,2025-07-06 03:37,FALSE,,Full lay political natural actually push ask.
alert160664,txn10060664,frequent_failure,2024-01-26 06:19,TRUE,2024-01-28 21:19:05,Create conference member bed by mention finally particularly.
alert180818,txn10080818,unusual_time,2025-06-09 13:56,TRUE,2025-06-10 11:56:01,Few offer talk avoid usually tree appear.
alert141649,txn10041649,frequent_failure,2025-03-04 01:31,TRUE,2025-03-05 22:31:07,Show into country raise suffer.
alert158869,txn10058869,unusual_amount,2025-05-29 10:52,FALSE,,Plant know big response news student present.
alert129770,txn10029770,unusual_time,2025-07-31 18:59,TRUE,2025-08-01 22:59:32,Wind him off involve coach likely best.
alert198337,txn10098337,suspicious_login,2025-03-12 15:08,TRUE,2025-03-14 11:08:24,Agency medical manage officer pressure simply move.
alert148592,txn10048592,unusual_time,2023-09-23 12:27,TRUE,2023-09-24 03:27:52,Very city grow religious sister I deep tax.
alert179231,txn10079231,suspicious_login,2025-07-25 11:56,TRUE,2025-07-26 11:56:43,Than someone year week.
alert175587,txn10075587,unusual_time,2025-07-29 08:49,TRUE,2025-07-30 07:49:26,To case field dream enter at.
alert152399,txn10052399,frequent_failure,2025-06-23 09:50,TRUE,2025-06-26 06:50:57,Perform rate specific father to official.
alert179902,txn10079902,unusual_amount,2025-05-03 20:06,TRUE,2025-05-06 11:06:52,Dinner him sound good.
alert105838,txn10005838,frequent_failure,2024-09-30 22:35,FALSE,,College black green process spend through letter.
alert157383,txn10057383,frequent_failure,2025-07-30 13:30,TRUE,2025-07-31 09:30:51,Assume marriage may most.
alert166859,txn10066859,suspicious_login,2025-06-27 15:35,TRUE,2025-06-28 20:35:12,Note land want realize building.
alert110932,txn10010932,unusual_time,2025-04-30 04:45,FALSE,,Race music north wait listen base.
alert152105,txn10052105,frequent_failure,2024-08-31 04:13,TRUE,2024-09-02 19:13:12,One they affect paper note condition listen important.
alert164907,txn10064907,unusual_amount,2025-05-13 20:20,TRUE,2025-05-16 10:20:55,Vote different benefit trouble for evening first.
alert136144,txn10036144,unusual_amount,2024-11-05 09:52,TRUE,2024-11-07 13:52:56,Particular perhaps behavior score power environmental.
alert102950,txn10002950,unusual_time,2025-03-15 21:18,TRUE,2025-03-18 09:18:32,Past laugh color write trade history.
alert198557,txn10098557,frequent_failure,2024-03-08 12:46,TRUE,2024-03-11 10:46:02,Everything church about strong.
alert112357,txn10012357,unusual_amount,2025-01-19 09:47,FALSE,,Along issue sport rich.
alert194548,txn10094548,suspicious_login,2025-04-01 14:36,TRUE,2025-04-02 14:36:03,Sometimes space relate others western.
alert153218,txn10053218,frequent_failure,2024-10-09 18:56,TRUE,2024-10-10 00:56:51,Bag society film catch report hospital.
alert179185,txn10079185,unusual_amount,2025-06-13 13:00,TRUE,2025-06-15 23:00:24,Speech although win get.
alert173406,txn10073406,suspicious_login,2024-05-25 01:06,TRUE,2024-05-25 21:06:50,Interview Mr three politics girl rule share.
alert131996,txn10031996,suspicious_login,2024-05-13 13:10,TRUE,2024-05-14 22:10:22,Population analysis American project small.
alert127396,txn10027396,suspicious_login,2025-07-17 15:16,TRUE,2025-07-20 09:16:17,Section often teacher arrive land edge wind our.
alert123443,txn10023443,unusual_amount,2024-11-29 00:21,TRUE,2024-11-30 17:21:10,Inside information risk dark general near book.
alert147306,txn10047306,suspicious_login,2025-08-02 05:25,TRUE,2025-08-02 06:25:07,Develop reason really sure answer east across.
alert177037,txn10077037,frequent_failure,2023-11-05 05:27,TRUE,2023-11-05 09:27:57,Attorney people somebody series campaign street life.
alert142196,txn10042196,suspicious_login,2024-06-12 04:49,TRUE,2024-06-12 10:49:21,Store camera use soon wear.
alert103355,txn10003355,frequent_failure,2024-01-03 22:07,FALSE,,Action nearly total his take piece avoid.
alert120695,txn10020695,suspicious_login,2024-05-31 15:44,TRUE,2024-06-01 07:44:11,Them culture why short environmental Mrs.
alert118739,txn10018739,suspicious_login,2024-10-14 02:44,TRUE,2024-10-17 01:44:53,Board thought easy body care little although piece.
alert197914,txn10097914,frequent_failure,2025-02-26 04:14,TRUE,2025-02-27 11:14:30,There available time born.
alert148625,txn10048625,frequent_failure,2025-04-29 17:29,TRUE,2025-04-30 04:29:45,Report term from anything think skin.
alert166366,txn10066366,suspicious_login,2025-07-18 08:34,TRUE,2025-07-20 10:34:56,Line from cold.
alert144312,txn10044312,suspicious_login,2025-08-01 00:17,TRUE,2025-08-02 16:17:28,Finally parent society cell actually activity.
alert122520,txn10022520,unusual_amount,2025-06-05 20:39,TRUE,2025-06-07 02:39:16,Quickly determine account pressure effect such member event.
alert187807,txn10087807,unusual_time,2024-02-17 22:25,FALSE,,Raise indeed protect term skin reduce sometimes.
alert161831,txn10061831,frequent_failure,2025-03-26 23:07,FALSE,,Bill out pass set enjoy teacher myself none.
alert132728,txn10032728,suspicious_login,2022-05-09 16:44,TRUE,2022-05-11 00:44:08,Cause class size at even affect between.
alert177607,txn10077607,suspicious_login,2025-06-14 13:32,FALSE,,Official lawyer something something word charge.
alert173088,txn10073088,unusual_amount,2024-12-23 19:38,TRUE,2024-12-26 18:38:44,Whole party check very see look management.
alert171708,txn10071708,unusual_amount,2025-05-22 21:00,FALSE,,Future maybe wrong stay.
alert173078,txn10073078,unusual_amount,2023-10-30 15:19,TRUE,2023-11-01 08:19:46,Put thousand reflect hair.
alert165609,txn10065609,frequent_failure,2025-07-16 19:57,TRUE,2025-07-19 17:57:07,Wish already mission.
alert117952,txn10017952,unusual_amount,2025-08-01 11:30,TRUE,2025-08-04 00:30:04,Customer upon will away then despite.
alert134629,txn10034629,frequent_failure,2024-12-14 21:56,TRUE,2024-12-15 02:56:54,Sort actually focus require population spring institution.
alert110803,txn10010803,unusual_time,2025-06-03 20:34,FALSE,,Turn ago tend look eight business short once.
alert193044,txn10093044,unusual_amount,2024-12-07 21:32,FALSE,,Family face shoulder if spring newspaper.
alert165259,txn10065259,unusual_amount,2023-04-11 00:47,FALSE,,Church increase that drop yourself.
alert101269,txn10001269,frequent_failure,2023-07-14 20:27,FALSE,,Water half edge card spring leg.
alert137801,txn10037801,unusual_amount,2025-03-10 01:11,TRUE,2025-03-10 09:11:22,Who movement capital experience.
alert143434,txn10043434,unusual_time,2025-01-19 02:24,TRUE,2025-01-21 19:24:51,Forward computer pick.
alert120872,txn10020872,unusual_time,2024-08-14 03:04,TRUE,2024-08-15 20:04:21,Business food read there significant risk.
alert166621,txn10066621,unusual_amount,2025-06-18 13:18,TRUE,2025-06-19 10:18:31,Assume quite body recognize result bad question.
alert109738,txn10009738,frequent_failure,2025-03-28 04:49,TRUE,2025-03-30 06:49:17,Ago where civil.
alert122425,txn10022425,frequent_failure,2025-08-02 21:15,TRUE,2025-08-04 20:15:51,Heart class too about.
alert157387,txn10057387,unusual_amount,2024-11-08 11:14,FALSE,,Past large Congress front born type.
alert150232,txn10050232,unusual_time,2025-07-18 07:55,TRUE,2025-07-19 10:55:59,Foot money human bank.
alert176352,txn10076352,suspicious_login,2024-11-03 23:12,TRUE,2024-11-06 08:12:17,Own many son already.
alert145534,txn10045534,suspicious_login,2023-09-05 07:37,TRUE,2023-09-06 04:37:50,Gas around recent floor.
alert134931,txn10034931,unusual_amount,2025-08-01 23:06,TRUE,2025-08-04 16:06:08,Rest oil especially research employee research.
alert186328,txn10086328,unusual_time,2024-11-14 10:06,TRUE,2024-11-14 19:06:23,Son yourself case too system raise cause executive.
alert182094,txn10082094,unusual_amount,2025-08-01 09:26,TRUE,2025-08-02 06:26:29,Where boy three tonight table upon raise.
alert140717,txn10040717,unusual_time,2025-07-09 01:47,TRUE,2025-07-11 07:47:49,Which box consider require.
alert181491,txn10081491,suspicious_login,2025-08-05 11:31,FALSE,,Detail authority society true power shake mouth.
alert160721,txn10060721,unusual_time,2025-04-26 05:05,TRUE,2025-04-27 16:05:29,Certainly anything air.
alert197714,txn10097714,frequent_failure,2025-05-27 01:37,TRUE,2025-05-27 16:37:53,Of hour soon onto move instead public usually.
alert145515,txn10045515,frequent_failure,2024-08-05 21:46,TRUE,2024-08-07 17:46:11,Miss scientist born military respond clear off.
alert174652,txn10074652,unusual_amount,2025-01-14 18:09,FALSE,,Democratic make source method.
alert151952,txn10051952,unusual_time,2022-10-28 05:03,TRUE,2022-10-29 03:03:36,Base rule thought will herself nation woman.
alert124940,txn10024940,unusual_amount,2025-07-21 18:17,TRUE,2025-07-23 05:17:50,Cost authority scene feeling piece.
alert189991,txn10089991,frequent_failure,2025-07-26 21:44,TRUE,2025-07-27 18:44:52,Factor market great because begin.
alert161694,txn10061694,suspicious_login,2025-05-28 03:27,TRUE,2025-05-29 22:27:34,Pattern during since conference future.
alert120276,txn10020276,suspicious_login,2025-05-10 00:59,TRUE,2025-05-12 14:59:10,Family letter clearly list.
alert187126,txn10087126,frequent_failure,2024-11-18 01:12,TRUE,2024-11-20 06:12:56,Car policy figure really industry ask.
alert178126,txn10078126,suspicious_login,2025-07-08 15:48,FALSE,,Radio sense security top really family position.
alert115921,txn10015921,unusual_time,2025-07-16 13:00,TRUE,2025-07-17 03:00:36,Kitchen finish though take pay second art.
alert108997,txn10008997,suspicious_login,2025-07-18 10:03,TRUE,2025-07-20 05:03:17,Statement still question single return explain under hear.
alert155349,txn10055349,unusual_amount,2025-01-10 06:33,TRUE,2025-01-12 07:33:50,Well take last.
alert192291,txn10092291,frequent_failure,2023-01-26 14:18,TRUE,2023-01-28 04:18:33,Training test cut the course thousand.
alert185153,txn10085153,unusual_time,2024-06-07 10:25,TRUE,2024-06-09 12:25:02,Red benefit site approach reason.
alert130555,txn10030555,frequent_failure,2025-06-15 01:21,FALSE,,Door draw right.
alert131444,txn10031444,unusual_time,2025-08-05 15:28,TRUE,2025-08-06 08:06:42,Executive four church others million bed.
alert123820,txn10023820,unusual_time,2025-03-15 16:07,TRUE,2025-03-16 13:07:54,Money there people wind.
alert113776,txn10013776,suspicious_login,2024-09-03 07:10,TRUE,2024-09-03 11:10:58,Security wall science region box.
alert131516,txn10031516,unusual_time,2023-06-10 15:39,TRUE,2023-06-10 20:39:39,Bit yeah picture health attention six figure.
alert101129,txn10001129,unusual_time,2024-09-27 20:36,TRUE,2024-09-30 02:36:17,Voice kitchen what factor check.
alert108599,txn10008599,frequent_failure,2025-02-14 14:45,TRUE,2025-02-15 20:45:18,His paper positive peace should statement.
alert170792,txn10070792,unusual_amount,2025-01-16 22:46,TRUE,2025-01-17 05:46:40,Red address when more service air.
alert145072,txn10045072,unusual_amount,2024-05-14 18:27,TRUE,2024-05-16 13:27:48,Generation religious threat tough.
alert151354,txn10051354,unusual_time,2021-07-22 11:29,TRUE,2021-07-23 15:29:53,Hand fire develop lot course.
alert178067,txn10078067,unusual_time,2024-09-18 14:18,TRUE,2024-09-21 14:18:29,Do bag half according sport camera question city.
alert108732,txn10008732,suspicious_login,2025-01-14 18:14,TRUE,2025-01-15 17:14:33,Rest father opportunity he want.
alert116529,txn10016529,unusual_amount,2025-06-20 23:54,TRUE,2025-06-22 01:54:26,Certain clear author box operation late shake.
alert135573,txn10035573,unusual_amount,2025-05-17 02:39,TRUE,2025-05-17 04:39:41,Democrat alone event nothing capital quickly standard.
alert160146,txn10060146,unusual_amount,2024-12-24 02:45,TRUE,2024-12-24 14:45:25,Popular rule family high sound.
alert123160,txn10023160,frequent_failure,2025-08-04 16:48,TRUE,2025-08-04 21:48:21,I start fear price.
alert191373,txn10091373,suspicious_login,2025-07-19 01:47,TRUE,2025-07-19 06:47:34,Doctor detail career sort.
alert185250,txn10085250,unusual_time,2024-02-24 02:44,TRUE,2024-02-26 14:44:00,Key bag then.
alert112998,txn10012998,frequent_failure,2025-07-29 06:09,FALSE,,Condition eat great good.
alert130846,txn10030846,suspicious_login,2025-06-08 11:19,TRUE,2025-06-09 02:19:44,Various couple class itself effect do.
alert187223,txn10087223,unusual_time,2025-07-09 06:57,TRUE,2025-07-10 12:57:56,Pay available throw sure guess.
alert174451,txn10074451,suspicious_login,2025-07-14 05:46,TRUE,2025-07-14 06:46:41,Market start building whose tree while dark chair.
alert106771,txn10006771,suspicious_login,2025-07-27 18:24,TRUE,2025-07-29 09:24:18,Approach fish compare child yes build level.
alert143332,txn10043332,unusual_time,2025-07-19 04:07,TRUE,2025-07-20 02:07:41,Hear coach season.
alert196022,txn10096022,frequent_failure,2024-12-20 18:45,TRUE,2024-12-22 10:45:53,Trial lot recently represent industry least.
alert167344,txn10067344,unusual_amount,2025-08-06 06:53,TRUE,2025-08-06 08:06:42,Maybe behind everybody board specific expert.
alert191988,txn10091988,frequent_failure,2024-02-10 13:29,TRUE,2024-02-12 12:29:12,Best group fish whole.
alert124202,txn10024202,frequent_failure,2025-05-10 23:31,TRUE,2025-05-13 05:31:30,Evening another use doctor.
alert178187,txn10078187,suspicious_login,2025-07-25 16:51,TRUE,2025-07-27 23:51:11,Phone treatment forward admit.
alert130457,txn10030457,frequent_failure,2025-04-15 23:01,TRUE,2025-04-17 04:01:46,Occur stage maintain fact he.
alert159968,txn10059968,unusual_time,2025-07-27 10:43,TRUE,2025-07-28 19:43:26,Picture kid science window college boy just.
alert157571,txn10057571,unusual_amount,2025-06-24 23:38,TRUE,2025-06-27 09:38:47,Door laugh four kid.
alert120819,txn10020819,unusual_time,2021-10-16 12:10,FALSE,,Success itself take matter quite.
alert182781,txn10082781,unusual_time,2025-06-18 03:49,TRUE,2025-06-20 14:49:45,Dog pass foot art firm hit.
alert173693,txn10073693,unusual_time,2025-02-22 19:53,TRUE,2025-02-25 01:53:46,Common plan everything would send case.
alert186239,txn10086239,unusual_time,2025-03-12 17:56,TRUE,2025-03-13 18:56:51,Organization actually middle cut debate respond.
alert107810,txn10007810,unusual_time,2024-12-23 03:46,TRUE,2024-12-23 04:46:27,Same ever this miss ready manage.
alert144522,txn10044522,frequent_failure,2022-11-05 01:03,TRUE,2022-11-06 09:03:46,Nothing dinner performance great.
alert142463,txn10042463,unusual_amount,2025-07-27 07:35,TRUE,2025-07-27 16:35:53,Two open win budget sing along.
alert113806,txn10013806,unusual_amount,2023-08-17 21:02,TRUE,2023-08-18 12:02:46,Sign develop her.
alert151120,txn10051120,frequent_failure,2025-07-04 23:54,TRUE,2025-07-07 04:54:38,Themselves discussion across know and author.
alert113254,txn10013254,unusual_amount,2025-05-12 02:57,TRUE,2025-05-12 17:57:17,We fish seat prove shake us policy.
alert104884,txn10004884,unusual_time,2024-04-15 22:03,TRUE,2024-04-16 04:03:50,Center nothing popular face reduce walk.
alert110170,txn10010170,frequent_failure,2025-07-12 06:22,FALSE,,Alone perhaps case campaign break sit.
alert175123,txn10075123,suspicious_login,2025-08-04 13:50,TRUE,2025-08-05 17:50:57,Again poor rule evidence.
alert188521,txn10088521,frequent_failure,2022-08-06 02:48,TRUE,2022-08-08 03:48:33,Leg power political choose six.
alert128696,txn10028696,frequent_failure,2025-06-24 05:45,TRUE,2025-06-25 02:45:02,May identify positive top successful human painting.
alert196544,txn10096544,frequent_failure,2024-11-27 00:30,TRUE,2024-11-29 02:30:50,Sense such field us difference.
alert191426,txn10091426,unusual_time,2023-07-28 20:53,TRUE,2023-07-31 19:53:12,Kitchen question myself base many seven.
alert189580,txn10089580,suspicious_login,2025-02-16 04:37,TRUE,2025-02-18 12:37:43,Source mouth million.
alert143471,txn10043471,unusual_time,2025-03-02 01:18,TRUE,2025-03-03 23:18:12,Local style picture condition.
alert177139,txn10077139,frequent_failure,2024-09-15 09:37,TRUE,2024-09-17 07:37:56,Peace say sea street face relate federal.
alert176623,txn10076623,frequent_failure,2025-07-12 21:13,TRUE,2025-07-13 07:13:37,Point down gun must similar senior.
alert126765,txn10026765,unusual_time,2024-09-19 12:02,TRUE,2024-09-20 16:02:53,Term be support hand term hand sure here.
alert196219,txn10096219,unusual_amount,2025-02-22 22:35,FALSE,,Hot look weight public meeting meet mother.
alert166973,txn10066973,unusual_amount,2025-05-31 03:30,TRUE,2025-06-02 11:30:55,Public meet five make ball.
alert154506,txn10054506,unusual_amount,2025-04-26 13:13,TRUE,2025-04-29 10:13:31,Camera activity people news understand even energy would.
alert135835,txn10035835,frequent_failure,2024-12-03 11:42,TRUE,2024-12-04 16:42:54,Someone health drive magazine.
alert103818,txn10003818,unusual_time,2023-10-17 09:43,TRUE,2023-10-18 12:43:35,House house decade that.
alert112920,txn10012920,suspicious_login,2024-11-13 16:42,TRUE,2024-11-14 00:42:07,Worry vote produce research state.
alert199581,txn10099581,suspicious_login,2024-09-20 10:17,TRUE,2024-09-23 10:17:47,Deep box else wide.
alert107611,txn10007611,suspicious_login,2024-09-22 02:04,TRUE,2024-09-23 13:04:29,Option because actually skin.
alert199792,txn10099792,frequent_failure,2025-06-10 07:09,TRUE,2025-06-11 23:09:18,Stuff part meet behind woman establish.
alert175373,txn10075373,suspicious_login,2025-02-19 15:00,TRUE,2025-02-22 04:00:51,Certain light success hold oil hair movie.
alert196631,txn10096631,unusual_time,2025-05-17 12:25,TRUE,2025-05-19 15:25:24,Already character dark travel song.
alert123132,txn10023132,frequent_failure,2025-04-16 11:50,TRUE,2025-04-18 05:50:34,Very because computer.
alert128377,txn10028377,unusual_amount,2024-10-14 18:17,TRUE,2024-10-16 16:17:12,Organization clearly focus establish particularly campaign.
alert189538,txn10089538,unusual_time,2025-02-04 18:47,TRUE,2025-02-05 07:47:47,Family partner arm international debate.
alert122797,txn10022797,suspicious_login,2024-09-13 04:55,TRUE,2024-09-14 20:55:40,East where end well.
alert163091,txn10063091,unusual_amount,2025-08-06 08:06,TRUE,2025-08-06 08:06:42,Cut foreign themselves work.
alert144876,txn10044876,suspicious_login,2025-01-09 10:17,TRUE,2025-01-11 00:17:07,Themselves offer pretty deal her example.
alert189377,txn10089377,frequent_failure,2024-09-18 02:38,TRUE,2024-09-18 21:38:55,Contain amount discussion foreign.
alert193227,txn10093227,unusual_time,2025-05-30 08:34,FALSE,,Government option trial degree challenge only world right.
alert169125,txn10069125,unusual_time,2024-11-11 01:30,TRUE,2024-11-11 17:30:34,Maybe realize first pick on.
alert166299,txn10066299,suspicious_login,2025-03-13 02:28,TRUE,2025-03-15 13:28:16,Conference whose surface scientist when position.
alert134922,txn10034922,unusual_time,2025-08-04 19:04,FALSE,,Season process may change out region large.
alert158056,txn10058056,unusual_time,2023-11-25 02:34,TRUE,2023-11-27 01:34:27,Kitchen onto occur their no believe.
alert187084,txn10087084,unusual_time,2025-06-19 10:33,TRUE,2025-06-19 14:33:51,Quickly very describe thousand behavior.
alert146452,txn10046452,unusual_amount,2023-03-03 02:32,TRUE,2023-03-04 14:32:35,Or politics assume company final.
alert165545,txn10065545,unusual_amount,2024-06-22 10:48,TRUE,2024-06-24 00:48:58,Whole glass matter measure else.
alert159756,txn10059756,suspicious_login,2024-12-07 21:37,TRUE,2024-12-09 05:37:22,Floor long shoulder prove every foreign stock.
alert129608,txn10029608,frequent_failure,2025-02-24 15:51,TRUE,2025-02-25 20:51:06,Project risk hit role lay young top.
alert167836,txn10067836,unusual_amount,2025-08-03 03:49,TRUE,2025-08-04 05:49:15,Report buy risk pretty travel admit free leg.
alert111759,txn10011759,suspicious_login,2025-08-05 18:45,TRUE,2025-08-06 08:06:42,Everyone land choice environment drug approach dark.
alert190572,txn10090572,unusual_amount,2025-07-22 00:17,TRUE,2025-07-22 21:17:00,Read people shake close whether ten.
alert155057,txn10055057,frequent_failure,2025-07-25 17:58,TRUE,2025-07-28 13:58:32,Little table off cost state resource.
alert137364,txn10037364,unusual_amount,2025-06-19 23:15,TRUE,2025-06-20 04:15:50,Thing station husband site whole report seek drug.
alert182560,txn10082560,unusual_time,2024-11-10 17:37,TRUE,2024-11-11 19:37:51,Magazine full my quite others seat let.
alert195259,txn10095259,suspicious_login,2025-07-21 15:17,TRUE,2025-07-22 07:17:35,Late huge top game you feeling beyond.
alert189786,txn10089786,suspicious_login,2024-09-08 14:22,TRUE,2024-09-09 17:22:11,Range detail inside difficult method especially.
alert171613,txn10071613,frequent_failure,2025-06-07 04:34,FALSE,,Admit Republican rate traditional human political.
alert164908,txn10064908,frequent_failure,2024-05-16 05:47,TRUE,2024-05-16 13:47:00,Here arm work short evidence close face.
alert132261,txn10032261,frequent_failure,2024-11-02 11:13,TRUE,2024-11-04 05:13:47,Draw professor thus medical.
alert158776,txn10058776,unusual_time,2025-06-10 10:34,TRUE,2025-06-11 11:34:49,Painting use decision later company lawyer.
alert130103,txn10030103,unusual_amount,2024-12-01 18:20,TRUE,2024-12-03 07:20:04,Hit somebody join born recognize computer.
alert115584,txn10015584,unusual_time,2024-12-01 20:07,FALSE,,Today threat against goal hit whom require.
alert146667,txn10046667,frequent_failure,2025-04-21 16:49,TRUE,2025-04-21 22:49:30,Work purpose trade center movement rock ask author.
alert107870,txn10007870,suspicious_login,2025-03-23 07:05,TRUE,2025-03-25 04:05:44,Right financial stay two eye themselves people arrive.
alert168446,txn10068446,suspicious_login,2025-03-05 04:47,TRUE,2025-03-07 07:47:47,Despite film head outside.
alert169524,txn10069524,unusual_time,2022-04-30 16:27,TRUE,2022-05-02 10:27:32,Whatever provide walk scene.
alert164675,txn10064675,unusual_amount,2024-09-10 09:35,TRUE,2024-09-13 08:35:16,Yes yourself growth suddenly quality camera strong.
alert157023,txn10057023,suspicious_login,2023-09-12 12:51,TRUE,2023-09-13 13:51:16,War else marriage dinner image student.
alert149538,txn10049538,suspicious_login,2025-01-16 21:35,TRUE,2025-01-18 22:35:33,Admit tonight center huge.
alert185893,txn10085893,unusual_time,2025-06-17 13:04,TRUE,2025-06-18 19:04:53,Thought maybe buy happy man.
alert189782,txn10089782,frequent_failure,2025-05-22 20:51,TRUE,2025-05-23 05:51:08,Main voice system production else meeting their.
alert151823,txn10051823,unusual_time,2025-08-02 20:15,TRUE,2025-08-03 16:15:02,Decide training how media heart explain course.
alert180247,txn10080247,unusual_amount,2025-06-16 18:45,TRUE,2025-06-18 08:45:53,Save within career environment only call trip myself.
alert183525,txn10083525,suspicious_login,2024-03-30 17:38,TRUE,2024-03-30 22:38:53,Partner value a natural.
alert164830,txn10064830,unusual_amount,2025-07-03 09:14,TRUE,2025-07-04 20:14:17,Right actually your reveal save share size.
alert173499,txn10073499,suspicious_login,2025-03-31 22:33,TRUE,2025-04-02 18:33:04,Visit school away place.
alert187522,txn10087522,suspicious_login,2025-01-02 14:20,TRUE,2025-01-04 17:20:00,After world son respond baby.
alert169088,txn10069088,frequent_failure,2023-07-01 01:50,TRUE,2023-07-01 20:50:08,Conference argue her suddenly else cover.
alert101466,txn10001466,suspicious_login,2024-04-10 07:45,TRUE,2024-04-12 03:45:36,Themselves move lose table water major edge.
alert109459,txn10009459,unusual_time,2025-04-03 20:41,TRUE,2025-04-06 17:41:08,Easy always base course form.
alert153977,txn10053977,unusual_amount,2023-08-18 05:57,TRUE,2023-08-20 20:57:16,Notice other after anyone.
alert100760,txn10000760,suspicious_login,2024-08-14 14:51,TRUE,2024-08-15 19:51:13,Late today for even beat.
alert173282,txn10073282,unusual_time,2025-02-24 08:02,TRUE,2025-02-24 14:02:32,Challenge check accept practice appear financial.
alert165292,txn10065292,unusual_amount,2025-03-17 00:05,TRUE,2025-03-18 04:05:20,Professor leg off throw rate pull.
alert144134,txn10044134,frequent_failure,2022-03-01 11:53,TRUE,2022-03-03 07:53:38,North program people operation prevent worry.
alert131083,txn10031083,frequent_failure,2025-07-18 01:00,TRUE,2025-07-20 16:00:59,Our character market mission picture among.
alert167270,txn10067270,suspicious_login,2025-08-04 11:42,TRUE,2025-08-04 14:42:57,Dog personal relate head teacher account.
alert191975,txn10091975,unusual_time,2025-07-25 05:59,TRUE,2025-07-25 22:59:27,Boy defense remember represent per.
alert152053,txn10052053,unusual_amount,2024-03-27 00:13,TRUE,2024-03-29 16:13:01,Room turn begin nature.
alert178801,txn10078801,unusual_amount,2025-05-25 19:30,TRUE,2025-05-28 16:30:03,New security both computer present event line story.
alert153009,txn10053009,unusual_time,2025-07-20 17:26,TRUE,2025-07-21 19:26:50,Media detail short small bed growth enter foreign.
alert124547,txn10024547,unusual_time,2025-05-05 05:46,TRUE,2025-05-05 22:46:08,Here hard first recent.
alert139631,txn10039631,suspicious_login,2025-07-14 12:03,TRUE,2025-07-15 16:03:35,Energy fly blood pattern operation.
alert148274,txn10048274,unusual_time,2025-02-04 08:52,TRUE,2025-02-06 18:52:21,Even decision begin similar scientist.
alert125755,txn10025755,unusual_time,2025-03-26 18:14,TRUE,2025-03-28 09:14:06,Tv open sense fly.
alert197526,txn10097526,suspicious_login,2023-10-28 04:08,TRUE,2023-10-28 07:08:05,Year whether music look.
alert177780,txn10077780,unusual_time,2024-12-02 08:48,TRUE,2024-12-02 22:48:10,Maintain floor child.
alert172878,txn10072878,frequent_failure,2025-06-21 09:00,TRUE,2025-06-23 14:00:18,Nice leave business without.
alert169934,txn10069934,unusual_time,2024-03-12 03:28,TRUE,2024-03-13 19:28:25,We radio drop character.
alert154305,txn10054305,frequent_failure,2024-06-13 18:07,TRUE,2024-06-16 13:07:33,Today leader dark position.
alert127276,txn10027276,frequent_failure,2025-04-18 03:09,TRUE,2025-04-18 07:09:18,Teach past if available.
alert122653,txn10022653,unusual_time,2025-08-05 01:08,TRUE,2025-08-06 08:06:42,Four few kitchen.
alert131644,txn10031644,frequent_failure,2025-07-19 11:57,FALSE,,Own although major rest sort address.
alert121427,txn10021427,unusual_time,2025-02-22 19:21,TRUE,2025-02-24 11:21:46,From law best during under everyone red.
alert131481,txn10031481,suspicious_login,2025-06-19 12:23,TRUE,2025-06-20 12:23:35,Decade poor capital scene community.
alert182537,txn10082537,unusual_time,2024-02-18 16:45,TRUE,2024-02-21 10:45:26,Then blue anything recognize hear summer.
alert136419,txn10036419,frequent_failure,2025-05-22 18:33,TRUE,2025-05-23 03:33:41,Least life worker financial.
alert163601,txn10063601,unusual_time,2025-03-29 16:06,FALSE,,Magazine week build reach recent.
alert110168,txn10010168,frequent_failure,2025-06-20 21:39,TRUE,2025-06-22 02:39:37,Tonight day hair recently east join future.
alert115835,txn10015835,unusual_time,2025-03-08 10:44,TRUE,2025-03-08 17:44:21,Foot with blood political meeting administration.
alert195676,txn10095676,unusual_amount,2025-07-22 09:04,TRUE,2025-07-22 21:04:25,Away decade reduce base down us wrong.
alert125651,txn10025651,unusual_amount,2021-05-25 19:22,TRUE,2021-05-26 11:22:20,High simple lead affect fill Mrs task.
alert165991,txn10065991,unusual_amount,2025-06-11 09:54,TRUE,2025-06-11 12:54:08,Hold model model no team.
alert176325,txn10076325,frequent_failure,2022-11-22 11:36,FALSE,,Save drop scene history least both.
alert141537,txn10041537,suspicious_login,2025-07-24 12:32,TRUE,2025-07-24 16:32:34,Store event among.
alert116033,txn10016033,frequent_failure,2024-12-29 02:00,TRUE,2024-12-30 04:00:29,Write administration evidence.
alert150963,txn10050963,suspicious_login,2025-02-11 03:32,TRUE,2025-02-13 12:32:09,Work plan unit notice heart light ten.
alert170245,txn10070245,unusual_time,2024-06-29 22:52,TRUE,2024-07-02 01:52:20,Recent me plant that force threat toward.
alert107200,txn10007200,unusual_time,2024-08-22 07:17,TRUE,2024-08-22 21:17:11,Investment while watch including.
alert154990,txn10054990,unusual_time,2025-03-26 16:12,TRUE,2025-03-27 08:12:42,Door trial off hand.
alert194172,txn10094172,unusual_time,2025-07-01 14:46,TRUE,2025-07-02 01:46:10,Present couple support because fact red mention nature.
alert174033,txn10074033,unusual_time,2025-03-14 03:14,TRUE,2025-03-14 04:14:49,Discussion market wonder response them.
alert174887,txn10074887,unusual_amount,2024-02-24 06:59,TRUE,2024-02-25 22:59:02,Sort write out drop including.
alert137405,txn10037405,unusual_amount,2025-05-31 14:25,TRUE,2025-06-01 16:25:24,Drive soon material court or style technology.
alert149600,txn10049600,unusual_time,2024-12-06 06:05,TRUE,2024-12-08 07:05:47,Always church community exist.
alert160767,txn10060767,unusual_time,2024-09-08 21:50,TRUE,2024-09-10 21:50:20,Make wish game employee tax.
alert129306,txn10029306,unusual_time,2025-07-30 07:13,TRUE,2025-07-30 15:13:17,Stay success shake realize.
alert128270,txn10028270,unusual_time,2024-03-03 01:38,TRUE,2024-03-05 13:38:56,People question because nothing.
alert119734,txn10019734,frequent_failure,2024-11-20 17:20,TRUE,2024-11-23 01:20:42,Range become form trial.
alert197052,txn10097052,unusual_amount,2023-11-12 16:26,TRUE,2023-11-14 17:26:15,Room economy in enjoy resource run check.
alert133743,txn10033743,suspicious_login,2025-05-21 20:12,TRUE,2025-05-24 13:12:58,International rise safe.
alert174376,txn10074376,unusual_time,2025-07-24 14:26,TRUE,2025-07-24 16:26:57,No individual camera prepare section debate.
alert112317,txn10012317,suspicious_login,2022-04-29 16:58,TRUE,2022-04-29 22:58:36,Respond allow detail Congress husband.
alert145380,txn10045380,unusual_time,2025-06-02 23:50,TRUE,2025-06-05 20:50:45,Person during try buy new put data.
alert123099,txn10023099,unusual_time,2025-04-02 08:28,TRUE,2025-04-03 12:28:45,Guy international up even hear.
alert145622,txn10045622,frequent_failure,2025-08-06 00:10,TRUE,2025-08-06 08:06:42,Everything push decade nothing.
alert117602,txn10017602,suspicious_login,2025-06-26 06:33,TRUE,2025-06-28 14:33:53,Area final traditional here process fish.
alert163178,txn10063178,unusual_amount,2024-02-15 08:03,TRUE,2024-02-17 15:03:59,Left discussion still knowledge media too west.
alert164403,txn10064403,unusual_time,2025-07-29 11:05,TRUE,2025-07-29 22:05:50,Training hand use alone.
alert159080,txn10059080,unusual_amount,2025-02-23 20:32,TRUE,2025-02-23 22:32:13,Attorney company in especially later.
alert164829,txn10064829,suspicious_login,2024-11-19 06:41,TRUE,2024-11-20 13:41:38,Security mouth this program sure.
alert170050,txn10070050,unusual_time,2025-03-16 14:56,TRUE,2025-03-18 23:56:52,Those never standard occur.
alert125132,txn10025132,frequent_failure,2025-02-23 13:05,TRUE,2025-02-26 07:05:26,Scientist difference really mouth travel sometimes.
alert137229,txn10037229,suspicious_login,2023-09-02 04:00,TRUE,2023-09-03 09:00:31,Contain meet ever.
alert178619,txn10078619,suspicious_login,2025-06-27 07:21,TRUE,2025-06-29 21:21:37,Mind notice too reality sound.
alert106697,txn10006697,frequent_failure,2025-04-07 22:44,TRUE,2025-04-09 21:44:47,Evidence difference bar capital claim.
alert107331,txn10007331,suspicious_login,2023-09-08 19:56,FALSE,,Experience perform idea benefit six.
alert148061,txn10048061,unusual_amount,2023-04-24 21:01,TRUE,2023-04-27 21:01:46,Little control executive likely window nature.
alert142399,txn10042399,unusual_time,2025-08-03 15:58,TRUE,2025-08-04 07:58:56,High deep above kid station toward camera.
alert182079,txn10082079,unusual_time,2025-06-24 05:54,TRUE,2025-06-26 05:54:48,Certainly else avoid throw.
alert135922,txn10035922,suspicious_login,2024-01-17 22:13,TRUE,2024-01-19 01:13:15,Color job affect laugh hot better.
alert145186,txn10045186,frequent_failure,2025-07-14 12:06,TRUE,2025-07-15 01:06:17,Their nearly sister return.
alert189253,txn10089253,unusual_time,2025-07-26 19:00,FALSE,,Top race its memory.
alert154409,txn10054409,suspicious_login,2024-09-12 05:44,TRUE,2024-09-12 19:44:23,New lay particularly mother investment trial customer also.
alert196205,txn10096205,suspicious_login,2023-04-24 03:31,TRUE,2023-04-25 21:31:23,Read ago contain night statement.
alert111575,txn10011575,unusual_amount,2023-11-26 13:26,TRUE,2023-11-29 08:26:21,Certain to area always game.
alert152615,txn10052615,unusual_time,2024-04-13 22:35,TRUE,2024-04-15 11:35:35,Current believe spend but.
